1024546564,4787,"Tec Reno Mack",9719,0,"39.52259","-119.70663","1955 E Greg St","Sparks","Nevada","89431","775-3567200","","","","","","","","",\N
1024546530,357,"Central Valley Truck Center",9719,0,"36.70282","-119.77265","2707 S East Ave","Fresno","California","93725","559-2669531","","","","","","","","",\N
1024546529,4787,"Central Valley Truck Center Mack",9719,0,"36.70282","-119.77265","2707 S East Ave","Fresno","California","93725","559-2669531","","","","","","","","",\N
1024546642,4787,"Tec La Mirada",9719,0,"33.87672","-118.01581","14800 Firestone Blvd","La Mirada","California","90638","","","","","","","","","",\N
1024546518,4787,"Western Truck Center",9719,0,"38.57634","-121.54228","3115 Coke St","West Sacramento","California","95691","916-3753040","","","","","","","","",\N
1024546519,357,"Western Truck Parts & Equipment",9719,0,"38.57634","-121.54228","3115 Coke St","West Sacramento","California","95691","916-3753040","","","","","","","","",\N
1024546638,4787,"Tec Oakland Mack",9719,0,"37.74478","-122.19661","8099 S Coliseum Way","Oakland","California","94621","510-5775528","","","","","","","","",\N
1024546639,357,"Tec Oakland",9719,0,"37.74478","-122.19661","8099 S Coliseum Way","Oakland","California","94621","510-5775528","","","","","","","","",\N
1024546423,357,"Western Truck Parts & Equipment",9719,0,"40.63378","-122.36543","1800 Twin View Blvd","Redding","California","96003","","","","","","","","","",\N
1024546483,357,"Carmenita Truck Center",9719,0,"33.89303","-118.0449","13443 Freeway Dr","Santa Fe Springs","California","90670","562-9211411","","","","","","","","",\N
1024546603,4787,"Kearny Mesa Truck Center",9719,0,"32.83691","-117.13592","5624 Kearny Villa Rd","San Diego","California","92123","858-5715495","","","","","","","","",\N
1024673722,357,"E-W Truck and Equipment",9719,0,"32.72999","-117.06177","6336 Federal Blvd","Lemon Grove","California","91945","619-2632111","","","","","","","","",\N
1024546489,357,"Paso Robles Truck Center",9719,0,"35.64391","-120.65807","2348 Golden Hill Rd","Paso Robles","California","93446","805-2381466","","","","","","","","",\N
1024546684,357,"Tec Fontana",9719,0,"34.07015","-117.49828","14085 Valley Blvd","Fontana","California","92335","909-3490200","","","","","","","","",\N
1024546683,4787,"Tec Fontana Mack",9719,0,"34.07015","-117.49828","14085 Valley Blvd","Fontana","California","92335","909-3490200","","","","","","","","",\N
1024546565,357,"Tec Reno",9719,0,"39.52259","-119.70663","1955 E Greg St","Sparks","Nevada","89431","","","","","","","","","",\N
1024546532,357,"Northwest Equipment Sales",9719,0,"43.58086","-116.25612","2405 Janeen St","Boise","Idaho","83709","208-3623400","","","","","","","","",\N
1024546531,4787,"Northwest Equipment Sales Mack",9719,0,"43.58086","-116.25612","2405 Janeen St","Boise","Idaho","83709","208-3623400","","","","","","","","",\N
1024704144,357,"Tri-State Truck & Equipment VOLVO",9719,0,"47.46269","-111.38312","5024 Tri Hill Frontage Rd","Great Falls","Montana","59404","406-4529551","","","","","","","","",\N
1024546661,357,"Tri-State Truck & Equipment",9719,0,"45.74986","-108.54944","5250 Midland Rd","Billings","Montana","59101","406-2453188","","","","","","","","",\N
1024658307,4787,"Cmi-Teco",9719,0,"42.86832","-106.35045","1750 S Loop Ave","Casper","Wyoming","82601","307-2666295","","","","","","","","",\N
1024546635,357,"Transport Equipment",9719,0,"46.94155","-114.12706","9300 Inspiration Dr","Missoula","Montana","59808","406-5419097","","","","","","","","",\N
1024546634,4787,"Transport Equipment Mack",9719,0,"46.94155","-114.12706","9300 Inspiration Dr","Missoula","Montana","59808","406-5419097","","","","","","","","",\N
1024546456,4787,"Northwest Equipment Sales",9719,0,"42.54827","-114.42147","2992 Kimberly Rd","Twin Falls","Idaho","83301","208-7343051","","","","","","","","",\N
1024546442,357,"Tri-State Truck & Equipment",9719,0,"42.86321","-106.42943","1271 N Derick Dr","Casper","Wyoming","82604","307-4721818","","","","","","","","",\N
1024546507,4787,"Western Colorado Truck Center Mack",9719,0,"39.15348","-108.74174","711 Raptor Rd","Fruita","Colorado","81521","970-8585400","","","","","","","","",\N
1024546506,357,"Western Colorado Truck Center",9719,0,"39.15348","-108.74174","711 Raptor Rd","Fruita","Colorado","81521","970-8585400","","","","","","","","",\N
1024546605,4787,"Colorado Mack Sales & Service",9719,0,"39.78502","-104.94649","4850 Vasquez Blvd","Denver","Colorado","80216","303-3886225","","","","","","","","",\N
1024546528,4787,"Mountain West Truck Center Mack",9719,0,"40.7259","-111.93079","1475 W 2100 S","Salt Lake City","Utah","84119","801-9750380","","","","","","","","",\N
1024546527,357,"Mountain West Truck Center",9719,0,"40.7259","-111.93079","1475 W 2100 S","Salt Lake City","Utah","84119","801-9750380","","","","","","","","",\N
1024658483,4787,"Mountain West Truck Center",9719,0,"37.03059","-113.57551","407 E Enterprise Dr","St George","Utah","84790","435-6561913","","","","","","","","",\N
1024704258,357,"Mountain West Truck Center VOLVO",9719,0,"37.03059","-113.57551","407 E Enterprise Dr","St George","Utah","84790","435-6561913","","","","","","","","",\N
1024546593,357,"Bruckner Truck Sales",9719,0,"32.72482","-103.17057","2121 NW County Rd","Hobbs","New Mexico","88240","575-3927571","","","","","","","","",\N
1024546594,4787,"Bruckner Truck Sales-Hobbs Division",9719,0,"32.72482","-103.17057","2121 NW County Rd","Hobbs","New Mexico","88240","575-3927571","","","","","","","","",\N
1024546363,357,"SouthWest VOLVO Trucks",9719,0,"31.71864","-106.3062","1213 N Zaragoza Rd","El Paso","Texas","79907","915-8585110","","","","","","","","",\N
1024546362,4787,"SouthWest Mack Trucks",9719,0,"31.71864","-106.3062","1213 N Zaragoza Rd","El Paso","Texas","79907","915-8585110","","","","","","","","",\N
1024546685,357,"Trucks West",9719,0,"35.14033","-106.59371","5010 Jefferson St NE","Albuquerque","New Mexico","87109","505-8437703","","","","","","","","",\N
1024546686,4787,"Trucks West Mack",9719,0,"35.14033","-106.59371","5010 Jefferson St NE","Albuquerque","New Mexico","87109","505-8437703","","","","","","","","",\N
1024546665,357,"Vanguard Truck Center of Phoenix",9719,0,"33.42584","-112.09983","2402 S 19th Ave","Phoenix","Arizona","85009","602-2584500","","","","","","","","",\N
1024546666,4787,"Vanguard Truck Ctr of Phoenix Mack",9719,0,"33.42584","-112.09983","2402 S 19th Ave","Phoenix","Arizona","85009","602-2584500","","","","","","","","",\N
1024546670,4787,"Vanguard Truck Ctr of Tucson Mack",9719,0,"32.17944","-110.95385","1111 E Benson Hwy","Tucson","Arizona","85713","520-7910300","","","","","","","","",\N
1024546387,4787,"Bruckner Truck Sales-Farmington Div",9719,0,"36.71733","-108.15433","4050 Bloomfield Hwy","Farmington","New Mexico","87401","505-3277241","","","","","","","","",\N
1024546703,357,"Tec Portland",9719,0,"45.57968","-122.65644","750 NE Columbia Blvd","Portland","Oregon","97211","503-2857667","","","","","","","","",\N
1024546704,4787,"Tec Portland Mack",9719,0,"45.57968","-122.65644","750 NE Columbia Blvd","Portland","Oregon","97211","503-2857667","","","","","","","","",\N
1024546463,4787,"Tec Eugene Mack",9719,0,"44.14431","-123.05668","91317 Coburg Industrial Way","Eugene","Oregon","97408","541-6866060","","","","","","","","",\N
1024546462,357,"Tec Eugene",9719,0,"44.14431","-123.05668","91317 Coburg Industrial Way","Eugene","Oregon","97408","541-6866060","","","","","","","","",\N
1024546547,4787,"Dunkin Diesel Service",9719,0,"47.94785","-122.11299","3219 Bickford Ave","Snohomish","Washington","98290","425-3342866","","","","","","","","",\N
1024546535,4787,"Mobile Fleet Service Mack",9719,0,"46.5814","-120.47301","2003 E Viola Ave","Yakima","Washington","98901","509-5758888","","","","","","","","",\N
1024546536,357,"Mobile Fleet Service",9719,0,"46.5814","-120.47301","2003 E Viola Ave","Yakima","Washington","98901","509-5758888","","","","","","","","",\N
1024546480,357,"Transport Equipment",9719,0,"47.66722","-117.3147","1106 N Thierman Rd","Spokane","Washington","99212","","","","","","","","","",\N
1024546481,4787,"Transport Equipment Mack",9719,0,"47.66722","-117.3147","1106 N Thierman Rd","Spokane","Washington","99212","509-9272525","","","","","","","","",\N
1024546544,357,"Husky Truck Center",9719,0,"47.5017","-122.28854","11222 E Marginal Way S","Seattle","Washington","98168","206-7643833","","","","","","","","",\N
1048484636,357,"Transport Equipment",9719,0,"47.65438","-117.32914","5615 E 3rd Ave","Spokane","Washington","99212","509-9272525","","","","","","","","",\N
1024546364,357,"Northwest Equipment Sales",9719,0,"45.80835","-119.37006","78273 Westland Rd","Hermiston","Oregon","97838","541-5675400","","","","","","","","",\N
1024546365,4787,"Northwest Equipment Sales Mack",9719,0,"45.80835","-119.37006","78273 Westland Rd","Hermiston","Oregon","97838","541-5675400","","","","","","","","",\N
1024546719,357,"Tec Medford",9719,0,"42.38925","-122.86286","1110 E Vilas Rd","Central Point","Oregon","97502","541-7706861","","","","","","","","",\N
1024546718,4787,"Tec Medford Mack",9719,0,"42.38925","-122.86286","1110 E Vilas Rd","Central Point","Oregon","97502","541-7706861","","","","","","","","",\N
1024546707,4787,"Seattle Mack Sales & Service",9719,0,"47.3712","-122.30249","25619 Pacific Hwy S","Seattle","Washington","98198","253-4498800","","","","","","","","",\N
1024702583,357,"VOLVO of Denver",9719,0,"39.79837","-104.90368","7250 E 56th Ave","Commerce City","Colorado","80022","303-2894707","","","","","","","","",\N
1024546669,357,"Vanguard Truck Center of Tucson",9719,0,"32.17944","-110.95385","1111 E Benson Hwy","Tucson","Arizona","85713","520-7910300","","","","","","","","",\N
1024680075,4787,"Tri-State Truck & Equipment",9719,0,"47.46269","-111.38312","5024 Tri Hill Frontage Rd","Great Falls","Montana","59404","","","","","","","","","",\N
1024546662,4787,"Tri-State Truck & Equipment Mack",9719,0,"45.74986","-108.54944","5250 Midland Rd","Billings","Montana","59101","406-2453188","","","","","","","","",\N
1024546474,4787,"Nebraska Truck & Equipment Co",9719,0,"40.75773","-99.73656","605 E Prospect Rd","Lexington","Nebraska","68850","308-3247442","","","","","","","","",\N
1024669089,4787,"Rees Mack Sales & Service",9719,0,"42.4753","-96.2694","1709 Highway 20","Lawton","Iowa","51030","712-9445132","","","","","","","","",\N
1024546352,4787,"Cedar Rapids Mack",9719,0,"41.92374","-91.6764","5549 6th St SW","Cedar Rapids","Iowa","52404","319-3659415","","","","","","","","",\N
1024546351,357,"Cedar Rapids Truck City",9719,0,"41.92374","-91.6764","5549 6th St SW","Cedar Rapids","Iowa","52404","319-3659415","","","","","","","","",\N
1024546574,357,"McKenna Truck Center",9719,0,"41.65698","-93.60051","5325 NE 14th St","Des Moines","Iowa","50313","515-2633600","","","","","","","","",\N
1024667945,4787,"Housby Mack",9719,0,"42.05698","-94.85015","1105 E Anthony St","Carroll","Iowa","51401","712-7928593","","","","","","","","",\N
1024546499,4787,"Wise Mack",9719,0,"41.21273","-96.0256","7210 L St","Omaha","Nebraska","68127","402-3317700","","","","","","","","",\N
1024546592,4787,"Quincy Mack Sales & Service",9719,0,"39.93503","-91.3361","5014 Broadway St","Quincy","Illinois","62305","217-2242030","","","","","","","","",\N
1024546372,4787,"Rees Truck & Trailer Mack",9719,0,"42.50129","-94.13801","3508 5th Ave S","Fort Dodge","Iowa","50501","","","","","","","","","",\N
1024546679,357,"Twin Bridges Truck City",9719,0,"41.59688","-90.60931","2250 W 76th St","Davenport","Iowa","52806","563-3552631","","","","","","","","",\N
1024546678,4787,"Twin Bridges Truck City Mack",9719,0,"41.59688","-90.60931","2250 W 76th St","Davenport","Iowa","52806","563-3552631","","","","","","","","",\N
1024669336,4787,"H&L Mack Truck Sales",9719,0,"41.00181","-91.16857","732 S Wapello Rd","Mediapolis","Iowa","52637","319-3949143","","","","","","","","",\N
1024546663,4787,"Nebraska Truck and Equipment Co",9719,0,"40.81392","-96.83529","8400 W O St","Lincoln","Nebraska","68528","402-4758471","","","","","","","","",\N
1024546705,357,"Sioux City Truck and Trailer",9719,0,"42.42787","-96.37138","4535 Harbor Dr","Sioux City","Iowa","51111","712-2582444","","","","","","","","",\N
1024667583,4787,"Mack Sales & Service of Decatur",9719,0,"39.89525","-88.89805","3939 N Brush College Rd","Decatur","Illinois","62521","217-8753776","","","","","","","","",\N
1024546377,357,"VOLVO Trucks of Omaha",9719,0,"41.14411","-96.15499","11351 S 153rd St","Omaha","Nebraska","68138","402-8966900","","","","","","","","",\N
1024546609,357,"Central Illinois Trucks",9719,0,"39.8343","-89.5864","3440 Gatlin Dr","Springfield","Illinois","62707","217-5445300","","","","","","","","",\N
1024546615,4787,"Housby Mack",9719,0,"41.64727","-93.60028","4747 NE 14th St","Des Moines","Iowa","50313","515-2662666","","","","","","","","",\N
1024546448,4787,"McBride Mack Sales-Cape Girardeau",9719,0,"37.28072","-89.55401","2115 Southern Expy","Cape Girardeau","Missouri","63703","573-6510775","","","","","","","","",\N
1024546624,4787,"Roberts Truck Center Mack",9719,0,"37.78481","-97.32327","5549 N Chuzy Dr","Wichita","Kansas","67219","316-2628413","","","","","","","","",\N
1024667570,4787,"McBride Mack Sales",9719,0,"37.74598","-89.14415","10466 Brayfield Rd","Carbondale","Illinois","62901","618-5293344","","","","","","","","",\N
1024706097,357,"Gateway VOLVO GMC Ud",9719,0,"38.82818","-91.03672","14000 Veterans Memorial Pky","Wright City","Missouri","63390","636-7452131","","","","","","","","",\N
1024667753,4787,"Hays Mack Sales and Service",9719,0,"38.74043","-99.32153","1595 Chetolah Gold Rd","Hays","Kansas","67601","785-6257343","","","","","","","","",\N
1024546553,4787,"Westfall Odell Trucks Sales",9719,0,"39.16831","-94.49171","4001 Randolph Rd","Kansas City","Missouri","64161","816-4557262","","","","","","","","",\N
1024546554,357,"Westfall Odell Truck Sales VOLVO",9719,0,"39.16831","-94.49171","4001 Randolph Rd","Kansas City","Missouri","64161","816-4557262","","","","","","","","",\N
1024546457,4787,"SouthWest Missouri Truck Ctr Mack",9719,0,"37.24151","-93.22272","2527 N Eastgate Ave","Springfield","Missouri","65803","417-8690566","","","","","","","","",\N
1024546458,357,"SouthWest Missouri Truck Center",9719,0,"37.24151","-93.22272","2527 N Eastgate Ave","Springfield","Missouri","65803","417-8690566","","","","","","","","",\N
1024546723,357,"Mankato Truck Sales & Service",9719,0,"44.14472","-94.11486","53976 208th Ln","Mankato","Minnesota","56001","507-3456225","","","","","","","","",\N
1024546722,4787,"Mankato Mack Sales",9719,0,"44.14472","-94.11486","53976 208th Ln","Mankato","Minnesota","56001","507-3456225","","","","","","","","",\N
1024546367,357,"Trucks",9719,0,"36.88653","-89.5328","330 S Interstate Dr","Sikeston","Missouri","63801","573-4722650","","","","","","","","",\N
1024546433,4787,"SouthWest Missouri Truck Center",9719,0,"37.05509","-94.46993","3100 Davis Blvd","Joplin","Missouri","64804","417-7828201","","","","","","","","",\N
1024667183,4787,"Nuss Trucks-Rochester",9719,0,"43.92982","-92.47078","6500 Highway 63 S","Rochester","Minnesota","55904","507-2889488","","","","","","","","",\N
1024546633,357,"Dave Syverson VOLVO",9719,0,"43.66761","-93.32897","1800 Sorenson Rd","Albert Lea","Minnesota","56007","507-3731438","","","","","","","","",\N
1024704070,357,"Twin Cities VOLVO Sales & Service",9719,0,"45.0278","-93.19475","2195 County Road C2 W","St Paul","Minnesota","55113","651-6334810","","","","","","","","",\N
1024667200,4787,"Twin Cities Mack Sales & Service",9719,0,"45.0278","-93.19475","2195 County Road C2 W","St Paul","Minnesota","55113","651-6334810","","","","","","","","",\N
1024702401,4787,"Sheehan Mack Sales and Equipment",9719,0,"45.45592","-98.53662","38490 US Highway 12","Aberdeen","South Dakota","57401","605-2294612","","","","","","","","",\N
1024546644,357,"Rdo Truck Center Co",9719,0,"47.93249","-97.10669","5315 Gateway Dr","Grand Forks","North Dakota","58203","701-7752591","","","","","","","","",\N
1024546643,4787,"Rdo Truck Center",9719,0,"47.93249","-97.10669","5315 Gateway Dr","Grand Forks","North Dakota","58203","701-7752591","","","","","","","","",\N
1024546360,357,"Lake Superior Truck Sales & Service",9719,0,"46.7589","-92.13684","3028 Truck Center Dr","Duluth","Minnesota","55806","218-6280333","","","","","","","","",\N
1024546361,4787,"Lake Superior Mack Sales",9719,0,"46.7589","-92.13684","3028 Truck Center Dr","Duluth","Minnesota","55806","218-6280333","","","","","","","","",\N
1024546356,357,"Dakota VOLVO Trucks",9719,0,"43.59591","-96.71128","4500 N Cliff Ave","Sioux Falls","South Dakota","57104","605-3327112","","","","","","","","",\N
1024546376,4787,"Scaffidi Truck Center",9719,0,"45.48487","-89.72905","1017 N 4th St","Tomahawk","Wisconsin","54487","715-4537028","","","","","","","","",\N
1024546712,4787,"Sheehan Mack Sales and Equipment",9719,0,"44.10113","-103.27039","1810 Deadwood Ave N","Rapid City","South Dakota","57702","605-3425694","","","","","","","","",\N
1024546386,4787,"Sheehan Mack Sales and Equipment",9719,0,"43.60197","-96.71537","901 E 60th St N","Sioux Falls","South Dakota","57104","605-3362000","","","","","","","","",\N
1024546715,357,"Eau Claire Truck Sales & Service",9719,0,"44.84299","-91.59056","6111 Truax Ln","Eau Claire","Wisconsin","54703","715-8745000","","","","","","","","",\N
1024546392,357,"Gatr of Sauk Rapids",9719,0,"45.59903","-94.15368","218 Stearns Dr","Sauk Rapids","Minnesota","56379","320-2517356","","","","","","","","",\N
1024546714,357,"Dakota VOLVO Trucks",9719,0,"44.10263","-103.16738","2910 E Mall Dr","Rapid City","South Dakota","57701","","","","","","","","","",\N
1024546677,4787,"Scaffidi Truck Center",9719,0,"44.53639","-89.54439","201 Green Ave N","Stevens Point","Wisconsin","54481","715-3444100","","","","","","","","",\N
1024546502,357,"Rdo Truck Center Co",9719,0,"46.82738","-96.84079","3401 38th St S","Fargo","North Dakota","58104","701-2825400","","","","","","","","",\N
1024546501,4787,"Rdo Truck Center",9719,0,"46.82738","-96.84079","3401 38th St S","Fargo","North Dakota","58104","701-2825400","","","","","","","","",\N
1024546437,357,"Wausau Truck Center",9719,0,"44.91456","-89.6493","4705 Rib Mountain Dr","Wausau","Wisconsin","54401","715-3594216","","","","","","","","",\N
1024546383,4787,"La Crosse Truck Center",9719,0,"43.82503","-91.25429","205 Causeway Blvd","La Crosse","Wisconsin","54603","608-7850800","","","","","","","","",\N
1024546371,357,"Rees Truck & Trailer",9719,0,"42.50129","-94.13801","3508 5th Ave S","Fort Dodge","Iowa","50501","515-9557337","","","","","","","","",\N
1024704081,357,"Ball VOLVO & GMC Trucks",9719,0,"40.41468","-91.71462","US-136","Kahoka","Missouri","63445","660-7273358","","","","","","","","",\N
1024546398,4787,"Central Minnesota Mack",9719,0,"45.57779","-94.10913","2625 Quail Rd NE","Sauk Rapids","Minnesota","56379","320-2536941","","","","","","","","",\N
1024546636,357,"Gateway VOLVO GMC Ud",9719,0,"38.69119","-90.02628","921 Fournie Ln","Collinsville","Illinois","62234","618-3450123","","","","","","","","",\N
1024546492,4787,"F&C Truck Sales and Service",9719,0,"38.62201","-90.21757","2350 Chouteau Ave","St Louis","Missouri","63103","314-7713180","","","","","","","","",\N
1024546716,4787,"Eau Claire Mack Sales",9719,0,"44.84299","-91.59056","6111 Truax Ln","Eau Claire","Wisconsin","54703","715-8745000","","","","","","","","",\N
1024667765,4787,"Roberts Truck Center",9719,0,"38.87412","-97.61222","1944 N 9th St","Salina","Kansas","67401","785-8270336","","","","","","","","",\N
1024546623,357,"Roberts Truck Center",9719,0,"37.78481","-97.32327","5549 N Chuzy Dr","Wichita","Kansas","67219","316-2628413","","","","","","","","",\N
1024702937,357,"Roberts Truck Center VOLVO",9719,0,"38.87412","-97.61222","1944 N 9th St","Salina","Kansas","67401","785-8270336","","","","","","","","",\N
1024658566,4787,"Grande Sales and Service",9719,0,"29.43143","-98.40439","4562 Interstate 10 E","San Antonio","Texas","78219","210-6466225","","","","","","","","",\N
1024704239,357,"Grande Mack Sales & Service VOLVO",9719,0,"29.43143","-98.40439","4562 Interstate 10 E","San Antonio","Texas","78219","210-6466225","","","","","","","","",\N
1024658522,4787,"French-Ellison Truck Center",9719,0,"27.80613","-97.48452","1313 Corn Product Rd","Corpus Christi","Texas","78409","361-2892181","","","","","","","","",\N
1024658550,4787,"Bruckner Truck Sales-Odessa Div",9719,0,"31.84895","-102.32384","2441 E Interstate 20","Odessa","Texas","79766","432-5807571","","","","","","","","",\N
1024704227,357,"Bruckner Truck Sales VOLVO",9719,0,"31.84895","-102.32384","2441 E Interstate 20","Odessa","Texas","79766","432-5807571","","","","","","","","",\N
1024680751,4787,"French-Ellison Truck Center",9719,0,"27.60691","-99.51223","8402 FM-3464","Laredo","Texas","78045","956-7277886","","","","","","","","",\N
1024546418,4787,"French-Ellison Truck Center",9719,0,"26.23148","-98.1776","4300 N Cage Blvd","Pharr","Texas","78577","956-7812401","","","","","","","","",\N
1024546690,357,"Valley Truck Center",9719,0,"26.23106","-98.1788","4301 N Cage Blvd","Pharr","Texas","78577","956-7870031","","","","","","","","",\N
1024658505,4787,"Vanguard Truck Center of Austin",9719,0,"30.04477","-97.84042","18001 S Interstate 35","Buda","Texas","78610","512-3125400","","","","","","","","",\N
1024704256,357,"Vanguard Truck Ctr of Austin VOLVO",9719,0,"30.04477","-97.84042","18001 S Interstate 35","Buda","Texas","78610","512-3125400","","","","","","","","",\N
1024658570,4787,"Victoria Mack Sales and Service",9719,0,"28.82554","-96.9174","9305 US Highway 59 N","Victoria","Texas","77905","361-5750675","","","","","","","","",\N
1024704230,357,"Bruckner Truck Sales VOLVO",9719,0,"32.45925","-99.85053","1002 S Access Rd","Abilene","Texas","79603","325-6928400","","","","","","","","",\N
1024658568,4787,"Bruckner Truck Sales-Abilene",9719,0,"32.45925","-99.85053","1002 S Access Rd","Abilene","Texas","79603","325-6928400","","","","","","","","",\N
1024546357,357,"Valley Truck Center of Laredo",9719,0,"27.6869","-99.45997","13505 Regional Dr","Laredo","Texas","78045","956-7261900","","","","","","","","",\N
1024667359,4787,"Shreveport Mack Sales",9719,0,"32.53468","-93.67851","4275 Meadow Ln","Bossier City","Louisiana","71111","318-7421383","","","","","","","","",\N
1024667398,4787,"Louisiana Truck Supply",9719,0,"32.50195","-92.08108","2602 Millhaven Rd","Monroe","Louisiana","71203","318-3873004","","","","","","","","",\N
1024703377,357,"Louisiana Truck Supply VOLVO",9719,0,"32.50195","-92.08108","2602 Millhaven Rd","Monroe","Louisiana","71203","318-3873004","","","","","","","","",\N
1024666139,4787,"Tri-State Truck Center",9719,0,"34.21265","-88.7063","3025 International Dr Ext","Tupelo","Mississippi","38801","662-8446000","","","","","","","","",\N
1024546602,4787,"Parish Truck Sales",9719,0,"29.97341","-90.30188","10459 Airline Hwy","St Rose","Louisiana","70087","504-4679630","","","","","","","","",\N
1024546580,4787,"Capitol Mack",9719,0,"30.40279","-91.05678","11055 Airline Hwy","Baton Rouge","Louisiana","70816","225-2952998","","","","","","","","",\N
1024704133,357,"Old River Truck Sales",9719,0,"32.27042","-90.17078","139 Old Highway 49 S","Richland","Mississippi","39218","601-6641410","","","","","","","","",\N
1024546479,357,"Crescent Trucks",9719,0,"29.93977","-90.18959","6121 Jefferson Hwy","New Orleans","Louisiana","70123","504-8181818","","","","","","","","",\N
1024666130,4787,"Tri-State Truck Center",9719,0,"32.25648","-90.16064","412 Highway 49 S","Richland","Mississippi","39218","601-9323400","","","","","","","","",\N
1024546575,357,"Acadiana Mack VOLVO",9719,0,"30.29996","-91.89566","1101 Doyle Melancon Ext","Breaux Bridge","Louisiana","70517","337-2340448","","","","","","","","",\N
1024546425,357,"Shipley Motor Equipment",9719,0,"35.24839","-93.02453","620 Mountain Base Rd","Pottsville","Arkansas","72858","479-4988260","","","","","","","","",\N
1024546430,357,"Tri-State Truck Center",9719,0,"34.70416","-92.18988","4614 Thibault Rd","Little Rock","Arkansas","72206","501-4901122","","","","","","","","",\N
1024546429,4787,"Tri-State Truck Center Mack",9719,0,"34.70416","-92.18988","4614 Thibault Rd","Little Rock","Arkansas","72206","501-4901122","","","","","","","","",\N
1024546381,4787,"Shipley Motor Equipment Co-Ft Smith",9719,0,"35.35704","-94.42659","2800 Wheeler Ave","Fort Smith","Arkansas","72901","479-7828281","","","","","","","","",\N
1024546380,357,"Shipley Motor Equipment",9719,0,"35.35704","-94.42659","2800 Wheeler Ave","Fort Smith","Arkansas","72901","479-7828281","","","","","","","","",\N
1024546461,4787,"Enid Mack Sales",9719,0,"36.39741","-97.79183","5913 E Owen K Garriott Rd","Enid","Oklahoma","73701","580-2340043","","","","","","","","",\N
1024546561,357,"General Truck Sales & Service",9719,0,"35.06077","-89.99816","1973 E Brooks Rd","Memphis","Tennessee","38116","901-3453270","","","","","","","","",\N
1024546549,4787,"Mack Truck Sales of Tulsa",9719,0,"36.07681","-96.05334","5301 W 60th St","Tulsa","Oklahoma","74107","918-4465571","","","","","","","","",\N
1024546473,4787,"Tri-State Truck Center",9719,0,"35.80681","-90.69416","1333 E Parker Rd","Jonesboro","Arkansas","72404","870-9721320","","","","","","","","",\N
1024546503,357,"Rush Truck Center",9719,0,"36.07695","-96.04751","6015 S 49th West Ave","Tulsa","Oklahoma","74107","918-4478630","","","","","","","","",\N
1024546346,357,"Tucker's Truck",9719,0,"33.20771","-92.69074","2222 W Hillsboro St","El Dorado","Arkansas","71730","870-8620101","","","","","","","","",\N
1024546619,4787,"Bruckner Truck Sales-Ok City Mack",9719,0,"35.4641","-97.58714","3824 W Reno Ave","Oklahoma City","Oklahoma","73107","405-9424800","","","","","","","","",\N
1024546620,357,"Bruckner Truck Sales-Ok City",9719,0,"35.4641","-97.58714","3824 W Reno Ave","Oklahoma City","Oklahoma","73107","405-9424800","","","","","","","","",\N
1024546415,4787,"Shipley Motor Equipment Co-Lowell",9719,0,"36.24914","-94.13694","324 S Bloomington St","Lowell","Arkansas","72745","479-7706040","","","","","","","","",\N
1024546682,357,"Ozark Truck Sales",9719,0,"36.17531","-94.18264","4720 W Sunset Ave","Springdale","Arkansas","72762","479-7561200","","","","","","","","",\N
1024658584,4787,"Tri-State Truck Center",9719,0,"35.12441","-90.04666","494 E EH Crump Blvd","Memphis","Tennessee","38126","901-9475000","","","","","","","","",\N
1024546621,357,"Bruckner Truck Sales",9719,0,"35.19323","-101.72748","9471 E Interstate 40","Amarillo","Texas","79118","806-3766273","","","","","","","","",\N
1024546622,4787,"Bruckner Truck Sales-Amarillo Div",9719,0,"35.19323","-101.72748","9471 E Interstate 40","Amarillo","Texas","79118","806-3766273","","","","","","","","",\N
1024546613,4787,"Texarkana Mack Sales",9719,0,"33.50655","-94.04402","8001 N State Line Ave","Texarkana","Texas","75503","903-7942191","","","","","","","","",\N
1024546612,357,"Texarkana VOLVO",9719,0,"33.50655","-94.04402","8001 N State Line Ave","Texarkana","Texas","75503","903-7942191","","","","","","","","",\N
1024546537,4787,"Performance Truck",9719,0,"30.71298","-96.34195","266 Marino Rd","Bryan","Texas","77808","979-7784466","","","","","","","","",\N
1024546595,4787,"Bruckner Truck Sales-Ft Worth Div",9719,0,"32.84177","-97.33862","1200 NE Loop 820","Fort Worth","Texas","76106","817-6262823","","","","","","","","",\N
1024546596,357,"Bruckner Truck Sales",9719,0,"32.84177","-97.33862","1200 NE Loop 820","Fort Worth","Texas","76106","817-6262823","","","","","","","","",\N
1024546410,357,"Smart's Truck & Trailer Equipment",9719,0,"30.05567","-94.14393","4730 Washington Blvd","Beaumont","Texas","77707","409-8425110","","","","","","","","",\N
1024704245,357,"Hall VOLVO GMC",9719,0,"32.34123","-95.36706","5721 Chandler Hwy","Tyler","Texas","75709","903-5926151","","","","","","","","",\N
1024546471,4787,"Performance Truck",9719,0,"31.33182","-94.76893","2794 Ted Trout Dr","Lufkin","Texas","75904","936-6343000","","","","","","","","",\N
1024658494,4787,"Performance Truck",9719,0,"30.04052","-94.15511","3840 Interstate 10 S","Beaumont","Texas","77705","409-8425830","","","","","","","","",\N
1024680720,4787,"Performance Truck",9719,0,"30.38197","-95.06666","1287 US Highway 59 N","Cleveland","Texas","77327","281-5938888","","","","","","","","",\N
1024546358,357,"Bruckner Truck Sales",9719,0,"33.5307","-101.82214","1125 E Slaton Rd","Lubbock","Texas","79404","806-7459494","","","","","","","","",\N
1024546543,357,"Sweeten Truck Center",9719,0,"29.77409","-95.25036","10111 East Fwy","Houston","Texas","77029","713-6751515","","","","","","","","",\N
1024546583,4787,"Bruckner Truck Sales-Wichita Falls",9719,0,"33.94927","-98.5572","4520 Northwest Fwy","Wichita Falls","Texas","76306","940-8554051","","","","","","","","",\N
1024546494,4787,"Tri-State Truck Center",9719,0,"32.38667","-88.66553","2696 Sellers Dr","Meridian","Mississippi","39301","601-6933333","","","","","","","","",\N
1024658528,4787,"Bruckner Truck Sales-Dallas Div",9719,0,"32.80814","-96.87951","3611 Irving Blvd","Dallas","Texas","75247","214-6314770","","","","","","","","",\N
1024546579,357,"Capitol Trucks",9719,0,"30.40279","-91.05678","11055 Airline Hwy","Baton Rouge","Louisiana","70816","225-2952998","","","","","","","","",\N
1024546582,357,"Bruckner Truck Sales",9719,0,"33.94927","-98.5572","4520 Northwest Fwy","Wichita Falls","Texas","76306","940-8554051","","","","","","","","",\N
1024546668,4787,"VOLVO & Mack Trucks of Waco",9719,0,"31.45457","-97.16878","1247 Sun Valley Rd","Waco","Texas","76706","254-6620911","","","","","","","","",\N
1024546576,4787,"Acadiana Truck and Trailer Sales",9719,0,"30.29996","-91.89566","1101 Doyle Melancon Ext","Breaux Bridge","Louisiana","70517","337-2340448","","","","","","","","",\N
1024546347,4787,"Tucker's Truck Mack",9719,0,"33.20771","-92.69074","2222 W Hillsboro St","El Dorado","Arkansas","71730","870-8620101","","","","","","","","",\N
1024658547,4787,"East Texas Mack Sales",9719,0,"32.46159","-94.79222","2934 State Highway 31 N","Longview","Texas","75603","903-7589994","","","","","","","","",\N
1024546359,4787,"Bruckner Truck Sales-Lubbock Div",9719,0,"33.5307","-101.82214","1125 E Slaton Rd","Lubbock","Texas","79404","806-7459494","","","","","","","","",\N
1024546725,4787,"Vanguard Truck Center of Houston",9719,0,"29.80877","-95.26126","5216 N McCarty St","Houston","Texas","77013","713-6731444","","","","","","","","",\N
1024546560,357,"Bruckner Truck Sales-Dallas VOLVO",9719,0,"32.80814","-96.87951","3611 Irving Blvd","Dallas","Texas","75247","214-6314770","","","","","","","","",\N
1024546667,357,"VOLVO Trucks of Waco",9719,0,"31.45457","-97.16878","1247 Sun Valley Rd","Waco","Texas","76706","254-6620911","","","","","","","","",\N
1024546604,4787,"Interstate Trucksource",9719,0,"42.24618","-83.32265","29085 Smith Rd","Romulus","Michigan","48174","734-4677100","","","","","","","","",\N
1024546393,357,"M&K Quality Truck Sales",9719,0,"42.24246","-85.53572","5140 Meredith St","Portage","Michigan","49002","269-3431287","","","","","","","","",\N
1024546394,4787,"M&K Quality Truck Sales Mack",9719,0,"42.24246","-85.53572","5140 Meredith St","Portage","Michigan","49002","269-3431287","","","","","","","","",\N
1024546653,4787,"Ed Schmidt Mack",9719,0,"41.57229","-83.65898","1270 Conant St","Maumee","Ohio","43537","419-8724488","","","","","","","","",\N
1024546652,357,"The Ed Schmidt Truck Store",9719,0,"41.57229","-83.65898","1270 Conant St","Maumee","Ohio","43537","419-8724488","","","","","","","","",\N
1024546721,357,"Graff Truck Center of Flint",9719,0,"43.00788","-83.68285","1401 S Saginaw St","Flint","Michigan","48503","810-2398300","","","","","","","","",\N
1024546412,357,"M&K Quality Truck Sales",9719,0,"42.80556","-85.6717","8800 Byron Commerce Dr SW","Byron Center","Michigan","49315","616-5832100","","","","","","","","",\N
1024546411,4787,"M&K Quality Truck Sales Mack",9719,0,"42.80556","-85.6717","8800 Byron Commerce Dr SW","Byron Center","Michigan","49315","616-5832100","","","","","","","","",\N
1024546724,4787,"Wiegand Mack Sales & Service",9719,0,"42.56911","-83.04918","37580 Mound Rd","Sterling Heights","Michigan","48310","586-9778200","","","","","","","","",\N
1024704208,357,"Stykemain Trucks VOLVO",9719,0,"41.27533","-84.46045","18688 County Road 424","Defiance","Ohio","43512","419-7829950","","","","","","","","",\N
1024546673,4787,"Diesel Truck Sales",9719,0,"43.45078","-83.90905","2619 N Washington Ave","Saginaw","Michigan","48601","989-7534481","","","","","","","","",\N
1024546486,4787,"Madison Truck Sales Mack",9719,0,"43.10684","-89.32011","3722 Commercial Ave","Madison","Wisconsin","53714","","","","","","","","","",\N
1024546485,357,"Madison Truck Sales",9719,0,"43.10684","-89.32011","3722 Commercial Ave","Madison","Wisconsin","53714","608-2443506","","","","","","","","",\N
1024546350,357,"Cit-Peru",9719,0,"41.36706","-89.15053","3030 May Rd","Peru","Illinois","61354","","","","","","","","","",\N
1024702804,357,"Central Illinois Truck",9719,0,"40.63046","-89.46447","1945 N Morton Ave","Morton","Illinois","61550","309-2639888","","","","","","","","",\N
1024546451,357,"Coffman Truck Sales",9719,0,"41.73864","-88.34182","1149 S Lake St","Aurora","Illinois","60506","630-8927093","","","","","","","","",\N
1024546648,357,"Milwaukee Truck Sales",9719,0,"43.03743","-87.96955","4444 W Blue Mound Rd","Milwaukee","Wisconsin","53208","414-2588484","","","","","","","","",\N
1024546649,4787,"Milwaukee Truck Sales Mack",9719,0,"43.03743","-87.96955","4444 W Blue Mound Rd","Milwaukee","Wisconsin","53208","414-2588484","","","","","","","","",\N
1024667590,4787,"Northern Illinois Mack",9719,0,"42.30061","-88.074","22570 W IL-60","Mundelein","Illinois","60060","847-2236666","","","","","","","","",\N
1024546447,4787,"Northern Illinois Mack",9719,0,"41.36779","-89.10605","301 N 30th Rd","La Salle","Illinois","61301","815-2244747","","","","","","","","",\N
1024546482,4787,"Chicago Mack Sales & Service",9719,0,"41.788","-87.8136","7900 Bulldog Dr","Summit Argo","Illinois","60501","708-5945151","","","","","","","","",\N
1024546399,4787,"Mack of Joliet",9719,0,"41.47249","-88.19524","23928 Winchester","Channahon","Illinois","60410","815-5211900","","","","","","","","",\N
1024546676,4787,"Vomac Truck Sales & Service Mack",9719,0,"41.06716","-84.98248","12242 Declaration Dr","New Haven","Indiana","46774","260-7495061","","","","","","","","",\N
1024546675,357,"Vomac Truck Sales & Service",9719,0,"41.06716","-84.98248","12242 Declaration Dr","New Haven","Indiana","46774","260-7495061","","","","","","","","",\N
1024546534,357,"Indiana Truck Sales & Service",9719,0,"39.69251","-86.1826","1325 W Thompson Rd","Indianapolis","Indiana","46217","317-7870200","","","","","","","","",\N
1024546422,357,"Central Illinois Truck",9719,0,"40.18252","-88.23972","148 E Leverett Rd","Champaign","Illinois","61822","217-6432040","","","","","","","","",\N
1024546378,4787,"Green Bay Truck Sales Mack",9719,0,"44.41907","-88.13051","2090 Mid Valley Dr","De Pere","Wisconsin","54115","920-3388400","","","","","","","","",\N
1024546524,357,"La Beau Brothers",9719,0,"41.12216","-87.8593","295 N Harrison Ave","Kankakee","Illinois","60901","815-9335519","","","","","","","","",\N
1024546512,357,"Fond du Lac Truck Sales",9719,0,"43.80217","-88.489","355 N Pioneer Rd","Fond du Lac","Wisconsin","54937","920-9226866","","","","","","","","",\N
1024546511,4787,"Fond du Lac Truck Sales Mack",9719,0,"43.80217","-88.489","355 N Pioneer Rd","Fond du Lac","Wisconsin","54937","920-9226866","","","","","","","","",\N
1024546611,4787,"Pozzo Illinois",9719,0,"41.48143","-87.63008","94 E Sauk Trl","Chicago Heights","Illinois","60411","708-7558500","","","","","","","","",\N
1024546467,357,"General Truck Sales",9719,0,"40.22873","-85.36586","4300 N Broadway Ave","Muncie","Indiana","47303","765-2894481","","","","","","","","",\N
1024546597,357,"Central Illinois Trucks",9719,0,"40.5468","-88.98969","200 W Northtown Rd","Normal","Illinois","61761","309-4528392","","","","","","","","",\N
1024546562,4787,"Pozzo Truck Center Mack",9719,0,"41.58665","-87.30338","3001 E 15th Pl","Gary","Indiana","46403","219-8838581","","","","","","","","",\N
1024546563,357,"Pozzo Truck Center",9719,0,"41.58665","-87.30338","3001 E 15th Pl","Gary","Indiana","46403","219-8838581","","","","","","","","",\N
1024702881,357,"Terre Haute Truck Center",9719,0,"39.46272","-87.31832","6425 State Road 42","Terre Haute","Indiana","47803","812-2320288","","","","","","","","",\N
1024546505,4787,"Chicago Truck Sales & Service Mack",9719,0,"41.66586","-87.75216","5300 W Plattner Dr","Alsip","Illinois","60803","708-3717010","","","","","","","","",\N
1024546572,4787,"Northern Illinois Mack",9719,0,"42.3241","-88.96993","4301 N Bell School Rd","Loves Park","Illinois","61111","815-6392000","","","","","","","","",\N
1024546573,357,"Rockford Truck Sales and Service",9719,0,"42.3241","-88.96993","4301 N Bell School Rd","Loves Park","Illinois","61111","815-6392000","","","","","","","","",\N
1024546522,357,"Racine Truck Sales",9719,0,"42.75532","-87.95464","2808 N Sylvania Ave","Franksville","Wisconsin","53126","262-8350100","","","","","","","","",\N
1024546523,4787,"Racine Truck Sales Mack",9719,0,"42.75532","-87.95464","2808 N Sylvania Ave","Franksville","Wisconsin","53126","262-8350100","","","","","","","","",\N
1024546641,357,"Graff Truck Center of Saginaw",9719,0,"43.45654","-83.88594","3431 Wolf Rd","Saginaw","Michigan","48601","989-7523100","","","","","","","","",\N
1024546379,357,"Green Bay Truck Sales",9719,0,"44.41907","-88.13051","2090 Mid Valley Dr","De Pere","Wisconsin","54115","920-3388400","","","","","","","","",\N
1024546632,357,"Fremont VOLVO & Gmctrucks",9719,0,"41.33079","-83.0514","3108 E State St","Fremont","Ohio","43420","419-3328231","","","","","","","","",\N
1024546515,357,"VIP Truck Center",9719,0,"42.36886","-83.40924","11757 Globe St","Livonia","Michigan","48150","734-5917710","","","","","","","","",\N
1024546533,4787,"Indiana Truck Sales & Service Mack",9719,0,"39.69251","-86.1826","1325 W Thompson Rd","Indianapolis","Indiana","46217","317-7870200","","","","","","","","",\N
1024546504,357,"Chicago Truck Sales & Service",9719,0,"41.66586","-87.75216","5300 W Plattner Dr","Alsip","Illinois","60803","708-3717010","","","","","","","","",\N
1024546390,357,"Mte Sales & Rental",9719,0,"41.64935","-86.29158","3152 Mary Ct","South Bend","Indiana","46614","574-2821230","","","","","","","","",\N
1024546475,4787,"Mack of Nashville",9719,0,"35.99023","-86.59185","161 Charter Pl","La Vergne","Tennessee","37086","615-7935600","","","","","","","","",\N
1024546513,4787,"Tri-State Truck Center",9719,0,"35.66178","-88.88153","2560 Bells Hwy","Jackson","Tennessee","38305","731-6641860","","","","","","","","",\N
1024546640,357,"Nacarato VOLVO & Gmctruck",9719,0,"36.1368","-86.74355","1111 Polk Ave","Nashville","Tennessee","37210","615-2599500","","","","","","","","",\N
1024546578,4787,"Worldwide Equipment Mack",9719,0,"35.01914","-85.28281","2017 E 23rd St","Chattanooga","Tennessee","37404","423-6984093","","","","","","","","",\N
1024546577,357,"Worldwide Equipment Enterprises",9719,0,"35.01914","-85.28281","2017 E 23rd St","Chattanooga","Tennessee","37404","423-6984093","","","","","","","","",\N
1024546630,4787,"Worldwide Equipment of Knoxville",9719,0,"36.02024","-83.99655","6614 Wilbanks Rd","Knoxville","Tennessee","37912","","","","","","","","","",\N
1024546631,357,"Volunteer VOLVO and Gmctrucks",9719,0,"36.02024","-83.99655","6614 Wilbanks Rd","Knoxville","Tennessee","37912","865-6884300","","","","","","","","",\N
1024546696,4787,"R&R of Pa",9719,0,"40.97602","-80.28329","3015 New Butler Rd","New Castle","Pennsylvania","16101","724-6584594","","","","","","","","",\N
1024546586,4787,"Transedge Truck Center Mack",9719,0,"40.45472","-80.02948","1501 Beaver Ave","Pittsburgh","Pennsylvania","15233","412-2376000","","","","","","","","",\N
1024546587,357,"Transedge Truck Center",9719,0,"40.45472","-80.02948","1501 Beaver Ave","Pittsburgh","Pennsylvania","15233","412-2376000","","","","","","","","",\N
1024704198,357,"Conway VOLVO Truck Division",9719,0,"43.9863","-75.94874","22048 Salmon Run Mall Rd","Watertown","New York","13601","315-7882180","","","","","","","","",\N
1024666092,4787,"Beam Mack Sales & Service",9719,0,"43.9863","-75.94874","22048 Salmon Run Mall Rd","Watertown","New York","13601","315-7882180","","","","","","","","",\N
1024546385,357,"WW Engine & Supply",9719,0,"40.568","-78.32198","268 Brush Mountain Rd","Altoona","Pennsylvania","16601","814-7428055","","","","","","","","",\N
1024546551,357,"Conway VOLVO Truck Division",9719,0,"42.13487","-76.81254","3050 Lake Rd","Horseheads","New York","14845","607-7334606","","","","","","","","",\N
1024706123,357,"Truck Enterprises-Keyser Div",9719,0,"39.33958","-78.97435","US-220","Burlington","West Virginia","26710","304-2893518","","","","","","","","",\N
1024704294,357,"Wheeling Truck Center",9719,0,"40.05925","-80.7245","Market St","Wheeling","West Virginia","26003","304-2321440","","","","","","","","",\N
1024546708,4787,"WW Engine & Supply-New Stanton Div",9719,0,"40.18706","-79.69736","2141 Mount Pleasant Rd","West Newton","Pennsylvania","15089","724-8721200","","","","","","","","",\N
1024704217,357,"WW Engine & Supply VOLVO",9719,0,"40.98864","-78.17351","930 Old Route 53","Morrisdale","Pennsylvania","16858","814-3455693","","","","","","","","",\N
1024702341,4787,"WW Engine & Supply-Kylertown Div",9719,0,"40.98864","-78.17351","930 Old Route 53","Morrisdale","Pennsylvania","16858","814-3455693","","","","","","","","",\N
1024546443,4787,"WW Engine & Supply-Somerset Div",9719,0,"40.01842","-79.07892","142 Waterworks Rd","Somerset","Pennsylvania","15501","814-4459617","","","","","","","","",\N
1024546444,357,"WW Engine & Supply",9719,0,"40.01842","-79.07892","142 Waterworks Rd","Somerset","Pennsylvania","15501","814-4459617","","","","","","","","",\N
1024546654,357,"VOLVO and Gmctrucks of Charleston",9719,0,"38.36657","-81.7033","3100 Maccorkle Ave SW","Charleston","West Virginia","25303","304-7441321","","","","","","","","",\N
1024702101,4787,"Tri-County Truck Center",9719,0,"40.85932","-79.44654","1098 State Route 28 and 66","Templeton","Pennsylvania","16259","724-5481548","","","","","","","","",\N
1024704213,357,"Tri-County Truck Center VOLVO",9719,0,"40.85932","-79.44654","1098 State Route 28 and 66","Templeton","Pennsylvania","16259","724-5481548","","","","","","","","",\N
1024546416,357,"Erie Truck Center",9719,0,"42.14324","-79.92768","3900 Depot Rd","Erie","Pennsylvania","16510","814-8988396","","","","","","","","",\N
1024546417,4787,"Erie Truck Center Mack",9719,0,"42.14324","-79.92768","3900 Depot Rd","Erie","Pennsylvania","16510","814-8988396","","","","","","","","",\N
1024546516,357,"Buffalo Truck Center",9719,0,"42.87772","-78.8049","271 Dingens St","Buffalo","New York","14206","716-8219911","","","","","","","","",\N
1024546517,4787,"Buffalo Truck Center Mack",9719,0,"42.87772","-78.8049","271 Dingens St","Buffalo","New York","14206","716-8219911","","","","","","","","",\N
1024546650,4787,"Worldwide Equipment Mack",9719,0,"38.41154","-82.32149","5650 US Route 60","Huntington","West Virginia","25705","304-7363401","","","","","","","","",\N
1024546449,357,"WW Engine and Supply",9719,0,"40.05771","-78.51009","170 Transport St","Bedford","Pennsylvania","15522","814-6235191","","","","","","","","",\N
1024546450,4787,"WW Engine & Supply-Bedford Division",9719,0,"40.05771","-78.51009","170 Transport St","Bedford","Pennsylvania","15522","814-6235191","","","","","","","","",\N
1024546599,357,"Conway VOLVO Truck Division",9719,0,"43.0997","-76.08768","6260 E Molloy Rd","East Syracuse","New York","13057","315-4372574","","","","","","","","",\N
1024546681,4787,"Beam Mack Sales & Service",9719,0,"43.09859","-77.63066","2674 W Henrietta Rd","Rochester","New York","14623","585-4244860","","","","","","","","",\N
1024546680,357,"Conway GMC VOLVO Truck Division",9719,0,"43.09879","-77.63056","2654 W Henrietta Rd","Rochester","New York","14623","585-4241250","","","","","","","","",\N
1024546657,4787,"WW Engine & Supply-Shippenville Div",9719,0,"41.22898","-79.43125","20273 Paint Blvd","Shippenville","Pennsylvania","16254","814-2268920","","","","","","","","",\N
1024701150,4787,"Worldwide Equipment",9719,0,"39.1009","-80.3963","685 Industrial Park Rd","Jane Lew","West Virginia","26378","304-8847815","","","","","","","","",\N
1024546487,357,"Burr Truck & Trailer Sales",9719,0,"42.09949","-76.00884","2901 Vestal Rd","Vestal","New York","13850","607-7292211","","","","","","","","",\N
1024704289,357,"Worldwide Equipment Princeton VOLVO",9719,0,"37.3679","-81.04154","US-460","Princeton","West Virginia","24739","304-4257511","","","","","","","","",\N
1024546655,357,"WW Engine and Supply",9719,0,"41.10947","-78.72096","4563 Rockton Rd","Dubois","Pennsylvania","15801","814-3712515","","","","","","","","",\N
1024546656,4787,"WW Engine & Supply-Dubois Division",9719,0,"41.10947","-78.72096","4563 Rockton Rd","Dubois","Pennsylvania","15801","814-3712515","","","","","","","","",\N
1024680780,4787,"Clarksburg Mack Sales & Service",9719,0,"39.31187","-80.35326","US-19","Clarksburg","West Virginia","26301","304-6247661","","","","","","","","",\N
1024546435,4787,"West Virginia-Ohio Motor Sales",9719,0,"40.08863","-80.72078","142 River Rd","Wheeling","West Virginia","26003","304-2327515","","","","","","","","",\N
1024704287,357,"Matheny VOLVO & Gmctrucks",9719,0,"39.18899","-81.52711","50 Matheny Ln","Mineral Wells","West Virginia","26150","304-4854418","","","","","","","","",\N
1024546556,4787,"Triple Cities Trucks",9719,0,"42.11124","-75.89714","76 Frederick St","Binghamton","New York","13901","607-7237481","","","","","","","","",\N
1024546540,357,"Worldwide Equipment-Cincinnati Div",9719,0,"39.25894","-84.43887","10649 Evendale Dr","Cincinnati","Ohio","45241","513-5636363","","","","","","","","",\N
1024667741,4787,"Banner Truck & Trailer Sales",9719,0,"38.06833","-87.50625","10000 Highway 57","Evansville","Indiana","47725","812-8672481","","","","","","","","",\N
1024546701,357,"R&H Truck & Trailer Sales",9719,0,"38.08108","-87.49091","11401 N Green River Rd","Evansville","Indiana","47725","812-2530025","","","","","","","","",\N
1024546428,4787,"Flag City Truck & Equipment Company",9719,0,"41.04796","-83.67564","151 Stanford Pky","Findlay","Ohio","45840","419-4233131","","","","","","","","",\N
1024546726,4787,"Brechbuhler Truck Sales",9719,0,"40.78127","-81.42493","4216 Southway St SW","Canton","Ohio","44706","330-4778127","","","","","","","","",\N
1024546711,4787,"RW Sidley",9719,0,"41.67848","-81.04484","7123 Madison Rd","Thompson","Ohio","44086","440-2983232","","","","","","","","",\N
1024667700,4787,"Lischkge Motors",9719,0,"39.02965","-85.01133","10200 US Highway 50","Aurora","Indiana","47001","812-9261805","","","","","","","","",\N
1024546526,4787,"R&H Truck & Trailer Sales Mack",9719,0,"38.64918","-87.53018","1879 S Old US 41","Vincennes","Indiana","47591","812-8821730","","","","","","","","",\N
1024667866,4787,"Worldwide Equipment",9719,0,"37.65642","-82.71347","73 We Dr","Prestonsburg","Kentucky","41653","606-8742772","","","","","","","","",\N
1024546691,357,"S and S VOLVO and Gmctruck",9719,0,"40.70377","-84.08991","2600 St Johns Rd","Lima","Ohio","45804","419-2282211","","","","","","","","",\N
1024667822,4787,"Worldwide Equipment",9719,0,"36.61583","-83.71052","17 Mack Ave","Middlesboro","Kentucky","40965","606-2485100","","","","","","","","",\N
1024546468,357,"Lexington Truck Sales",9719,0,"38.07971","-84.49528","849 Nandino Blvd","Lexington","Kentucky","40511","859-2310418","","","","","","","","",\N
1024546348,4787,"Kentuckianas Premier Truck Ctr Mack",9719,0,"38.33522","-85.75644","1606 Progress Way","Clarksville","Indiana","47129","812-2802100","","","","","","","","",\N
1024546349,357,"Kentuckiana's Premier Truck Center",9719,0,"38.33522","-85.75644","1606 Progress Way","Clarksville","Indiana","47129","812-2802100","","","","","","","","",\N
1024546606,4787,"Worldwide Equipment of Ohio Mack",9719,0,"39.83069","-84.18907","5750 Poe Ave","Dayton","Ohio","45414","937-2785775","","","","","","","","",\N
1024546607,357,"Worldwide Equipment of Ohio",9719,0,"39.83069","-84.18907","5750 Poe Ave","Dayton","Ohio","45414","937-2785775","","","","","","","","",\N
1024546464,357,"Aber's Truck Center",9719,0,"40.85216","-82.33982","1729 Claremont Ave","Ashland","Ohio","44805","419-2815500","","","","","","","","",\N
1024546459,4787,"R&R",9719,0,"41.10187","-80.78473","44 Victoria Rd","Youngstown","Ohio","44515","330-7991536","","","","","","","","",\N
1024546460,357,"R&R VOLVO",9719,0,"41.10187","-80.78473","44 Victoria Rd","Youngstown","Ohio","44515","330-7991536","","","","","","","","",\N
1024546697,357,"Worldwide Equipment",9719,0,"37.04935","-84.58492","208 Industrial Rd","Somerset","Kentucky","42501","606-6794321","","","","","","","","",\N
1024546698,4787,"Worldwide Equipment Mack",9719,0,"37.04935","-84.58492","208 Industrial Rd","Somerset","Kentucky","42501","606-6794321","","","","","","","","",\N
1024666099,4787,"Marietta Mack",9719,0,"39.41305","-81.43265","127 Court St","Marietta","Ohio","45750","740-3737200","","","","","","","","",\N
1024546659,357,"Cleveland Truck Sales",9719,0,"41.42918","-81.57113","4847 Johnston Pky","Cleveland","Ohio","44128","216-5813300","","","","","","","","",\N
1024546660,4787,"Cleveland Mack Sales & Service",9719,0,"41.42918","-81.57113","4847 Johnston Pky","Cleveland","Ohio","44128","216-5813300","","","","","","","","",\N
1024546720,4787,"McBride Mack Sales of Paducah",9719,0,"37.07418","-88.68142","155 McBride Ln","Paducah","Kentucky","42001","270-4427545","","","","","","","","",\N
1024546391,357,"Styline Diesel Service Center",9719,0,"38.29868","-86.963","212 W 6th St","Huntingburg","Indiana","47542","812-6837704","","","","","","","","",\N
1024546546,357,"Columbus Truck & Equipment",9719,0,"39.98528","-82.95933","1688 E 5th Ave","Columbus","Ohio","43219","614-2523111","","","","","","","","",\N
1024546545,4787,"Columbus Truck & Equipment Co",9719,0,"39.98528","-82.95933","1688 E 5th Ave","Columbus","Ohio","43219","614-2523111","","","","","","","","",\N
1024666100,4787,"Northern Ohio Truck Center",9719,0,"41.24192","-82.59117","132 State Route 18","Norwalk","Ohio","44857","419-6684826","","","","","","","","",\N
1024546709,357,"WW Engine & Supply",9719,0,"40.18706","-79.69736","2141 Mount Pleasant Rd","West Newton","Pennsylvania","15089","724-8721200","","","","","","","","",\N
1024546651,357,"Worldwide Equipment",9719,0,"38.41154","-82.32149","5650 US Route 60","Huntington","West Virginia","25705","304-7363401","","","","","","","","",\N
1024701790,4787,"Worldwide Equipment",9719,0,"37.3679","-81.04154","US-460","Princeton","West Virginia","24739","304-4257511","","","","","","","","",\N
1024546384,4787,"WW Engine & Supply-Altoona Div",9719,0,"40.568","-78.32198","268 Brush Mountain Rd","Altoona","Pennsylvania","16601","814-7428055","","","","","","","","",\N
1024546658,357,"WW Engine & Supply",9719,0,"41.22898","-79.43125","20273 Paint Blvd","Shippenville","Pennsylvania","16254","814-2268920","","","","","","","","",\N
1024546434,4787,"R&R Truck Sales",9719,0,"41.0254","-81.46844","1650 E Waterloo Rd","Akron","Ohio","44306","330-7949304","","","","","","","","",\N
1024546438,357,"Steubenville Truck Center",9719,0,"40.35756","-80.61997","620 South St","Steubenville","Ohio","43952","740-2822711","","","","","","","","",\N
1024546469,4787,"Worldwide Equipment",9719,0,"38.07684","-84.49866","945 Nandino Blvd","Lexington","Kentucky","40511","859-2815152","","","","","","","","",\N
1024704201,357,"Young VOLVO",9719,0,"40.76797","-81.40011","2230 Shepler Church Ave SW","Canton","Ohio","44706","330-4533868","","","","","","","","",\N
1024546550,4787,"Beam Mack Sales & Service",9719,0,"42.13487","-76.81254","3050 Lake Rd","Horseheads","New York","14845","607-7334606","","","","","","","","",\N
1024546382,4787,"Utica Mack",9719,0,"43.13609","-75.26383","9426 River Rd","Marcy","New York","13403","315-7971714","","","","","","","","",\N
1024546598,4787,"Beam Mack Sales & Service",9719,0,"43.0997","-76.08768","6260 E Molloy Rd","East Syracuse","New York","13057","315-4372574","","","","","","","","",\N
1024703036,357,"Worldwide Equipment VOLVO",9719,0,"37.65642","-82.71347","73 We Dr","Prestonsburg","Kentucky","41653","606-8742172","","","","","","","","",\N
1024546525,357,"R&H Truck & Trailer Sales",9719,0,"38.64918","-87.53018","1879 S Old US 41","Vincennes","Indiana","47591","812-8821730","","","","","","","","",\N
1024546539,4787,"Worldwide Equipment",9719,0,"39.25894","-84.43887","10649 Evendale Dr","Cincinnati","Ohio","45241","513-5636363","","","","","","","","",\N
1024704265,357,"Sheldon Trucks VOLVO",9719,0,"44.46094","-73.12985","137 Avenue A","Williston","Vermont","05495","802-6583314","","","","","","","","",\N
1024658422,4787,"Sheldon Trucks",9719,0,"44.46094","-73.12985","137 Avenue A","Williston","Vermont","05495","802-6583314","","","","","","","","",\N
1024667228,4787,"Bangor Truck and Trailer Sales",9719,0,"44.77859","-68.85438","2245 Odlin Rd","Bangor","Maine","04401","207-9470778","","","","","","","","",\N
1024704066,357,"Bangor VOLVO Truck & Trailer Sales",9719,0,"44.77859","-68.85438","2245 Odlin Rd","Bangor","Maine","04401","207-9470778","","","","","","","","",\N
1024704067,357,"Oconnor Motor VOLVO",9719,0,"43.68764","-70.30989","299 Warren Ave","Portland","Maine","04103","207-7977837","","","","","","","","",\N
1024667235,4787,"Oconnor Motor Company",9719,0,"43.68764","-70.30989","299 Warren Ave","Portland","Maine","04103","207-7977837","","","","","","","","",\N
1024667221,4787,"Oconnor Motor Company",9719,0,"44.32926","-69.76258","187 Riverside Dr","Augusta","Maine","04330","207-6223191","","","","","","","","",\N
1024703976,357,"Oconnor Motor VOLVO",9719,0,"44.32926","-69.76258","187 Riverside Dr","Augusta","Maine","04330","207-6223191","","","","","","","","",\N
1024666114,4787,"McDevitt Trucks Mack",9719,0,"42.95387","-71.44821","1 Mack Ave","Manchester","New Hampshire","03103","603-6681700","","","","","","","","",\N
1024667325,4787,"McDevitt Trucks",9719,0,"42.6194","-71.19178","939 East St","Tewksbury, Town of","Massachusetts","01876","978-8519902","","","","","","","","",\N
1024703774,357,"Alltruck & Equipment",9719,0,"42.41409","-71.10939","26 Mystic Ave","Medford","Massachusetts","02155","781-3932914","","","","","","","","",\N
1024703964,357,"Dario Diesel VOLVO Truck Sales",9719,0,"42.23025","-71.75427","182 SW Cutoff","Worcester","Massachusetts","01604","508-7538177","","","","","","","","",\N
1024703475,357,"McDevitt Trucks VOLVO",9719,0,"42.14246","-71.06257","1 Mack Dr","Avon, Town of","Massachusetts","02322","508-5590771","","","","","","","","",\N
1024667324,4787,"McDevitt Trucks",9719,0,"42.14246","-71.06257","1 Mack Dr","Avon, Town of","Massachusetts","02322","508-5590771","","","","","","","","",\N
1024702597,357,"Gabrielli Truck Sales of Ct VOLVO",9719,0,"41.74922","-72.71188","277 New Park Ave","Hartford","Connecticut","06106","860-5707060","","","","","","","","",\N
1024671871,4787,"Gabrielli Truck Sales of Ct",9719,0,"41.74922","-72.71188","277 New Park Ave","Hartford","Connecticut","06106","860-5707060","","","","","","","","",\N
1024704224,357,"Anderson Motors VOLVO",9719,0,"41.80122","-71.34934","170 Amaral St","Riverside","Rhode Island","02915","401-4345900","","","","","","","","",\N
1024672003,4787,"Gabrielli Truck Sales of Milford",9719,0,"41.23634","-73.02523","401 Old Gate Ln","Milford","Connecticut","06460","203-8773281","","","","","","","","",\N
1024667336,4787,"Springfield Mack",9719,0,"42.1401","-72.62324","124 Ashley Ave","West Springfield","Massachusetts","01089","413-7331136","","","","","","","","",\N
1024658643,4787,"Ballard Mack Sales & Service of Ri",9719,0,"41.80363","-71.5237","40 Shun Pike","Johnston, Town of","Rhode Island","02919","401-8214800","","","","","","","","",\N
1024702607,357,"Truck Center VOLVO",9719,0,"41.35068","-72.86867","120 Universal Dr","North Haven","Connecticut","06473","203-7858322","","","","","","","","",\N
1024546401,4787,"Gabrielli at JFK",9719,0,"40.66628","-73.78609","153-20 S Conduit Ave","Jamaica","New York","11434","718-9777348","","","","","","","","",\N
1024546400,357,"Gabrielli Truck Sales",9719,0,"40.66628","-73.78609","153-20 S Conduit Ave","Jamaica","New York","11434","718-9777348","","","","","","","","",\N
1024704182,357,"Hudson County Motors",9719,0,"40.76455","-74.07409","614 New County Rd","Secaucus","New Jersey","07094","201-8665570","","","","","","","","",\N
1024546493,4787,"Mid-Hudson Mack",9719,0,"41.50231","-74.22055","135 Neelytown Rd","Montgomery","New York","12549","845-4577000","","","","","","","","",\N
1024546558,357,"Albany VOLVO Truck Sales",9719,0,"42.70078","-73.7227","90 Harts Ln","Albany","New York","12204","518-4497171","","","","","","","","",\N
1024546557,4787,"Albany Mack Sales",9719,0,"42.70078","-73.7227","90 Harts Ln","Albany","New York","12204","518-4497171","","","","","","","","",\N
1024704149,357,"Brown Truck Group",9719,0,"40.65836","-75.07728","963 State Route 173","Bloomsbury","New Jersey","08804","908-4794970","","","","","","","","",\N
1024666115,4787,"Brown's",9719,0,"40.65836","-75.07728","963 State Route 173","Bloomsbury","New Jersey","08804","908-4794970","","","","","","","","",\N
1024546555,4787,"Gabrielli Mack Sales & SVC of Bronx",9719,0,"40.88256","-73.82385","3333 Conner St","Bronx","New York","10475","718-9948300","","","","","","","","",\N
1024704168,4787,"Cambria Truck Center-Edison Div",9719,0,"40.53239","-74.39382","116 Talmadge Rd","Edison","New Jersey","08817","732-9856500","","","","","","","","",\N
1024666119,357,"Cambria Truck Center VOLVO",9719,0,"40.53239","-74.39382","116 Talmadge Rd","Edison","New Jersey","08817","732-9856500","","","","","","","","",\N
1024704171,357,"Beyer Bros VOLVO",9719,0,"40.81789","-74.00796","109 Broad Ave","Fairview","New Jersey","07022","201-9433100","","","","","","","","",\N
1024666120,4787,"Cambria Mack Distributors Elizabeth",9719,0,"40.66579","-74.18718","565 Dowd Ave","Elizabeth","New Jersey","07201","908-3542100","","","","","","","","",\N
1024666125,4787,"H&H Mack Sales",9719,0,"40.91864","-74.495","80 Green Pond Rd","Rockaway","New Jersey","07866","973-6253330","","","","","","","","",\N
1024546559,357,"Milea Truck Sales",9719,0,"40.81107","-73.90327","885 E 149th St","Bronx","New York","10455","718-2926200","","","","","","","","",\N
1024667343,4787,"Ballard Mack Sales & Service",9719,0,"42.2208","-71.7741","442 SouthWest Cutoff","Worcester","Massachusetts","01604","508-7531403","","","","","","","","",\N
1024546674,4787,"Gabrielli Mack Sales & Svc-Nassau",9719,0,"40.76053","-73.50005","880 S Oyster Bay Rd","Hicksville","New York","11801","516-9317915","","","","","","","","",\N
1024704148,357,"McDevitt Truck Sales",9719,0,"42.95387","-71.44821","1 Mack Ave","Manchester","New Hampshire","03103","603-6681700","","","","","","","","",\N
1024546509,4787,"Gabrielli Mack Sales & SVC-Suffolk",9719,0,"40.82415","-72.98","3200 Horseblock Rd","Medford","New York","11763","631-7586200","","","","","","","","",\N
1024546488,357,"Baltimore VOLVO Trucks",9719,0,"39.22496","-76.65632","803 Central Ave","Linthicum Heights","Maryland","21090","410-6369330","","","","","","","","",\N
1024546426,357,"Colonial VOLVO Truck Sales",9719,0,"37.71579","-77.44739","11430 Air Park Rd","Ashland","Virginia","23005","804-7987242","","","","","","","","",\N
1024546629,4787,"Virginia Truck Center of Richmond",9719,0,"37.34963","-77.37737","901 W Hundred Rd","Chester","Virginia","23836","804-7684600","","","","","","","","",\N
1024546366,4787,"Virginia Truck Center Mack",9719,0,"37.35863","-79.92639","267 Lee Hwy","Roanoke","Virginia","24019","540-7777700","","","","","","","","",\N
1024704260,357,"Goodpasture Motor VOLVO",9719,0,"36.63532","-82.1186","3415 Lee Hwy","Bristol","Virginia","24202","276-6690311","","","","","","","","",\N
1024704262,357,"Truck Enterprises Lynchburg",9719,0,"37.39166","-79.09173","5605 Pleasant Valley Rd","Lynchburg","Virginia","24504","","","","","","","","","",\N
1024546608,357,"Truck Enterprises Roanoke",9719,0,"37.32937","-79.9885","4700 Kenworth Rd","Roanoke","Virginia","24019","540-5631161","","","","","","","","",\N
1024546695,357,"Potomac Truck Center",9719,0,"38.79129","-77.59273","7750 Progress Ct","Gainesville","Virginia","20155","703-7536444","","","","","","","","",\N
1024546694,4787,"Potomac Truck Center Mack",9719,0,"38.79129","-77.59273","7750 Progress Ct","Gainesville","Virginia","20155","703-7536444","","","","","","","","",\N
1024546541,357,"Tmi Truck & Equipment",9719,0,"36.76889","-76.25979","301 Bulldog Dr","Chesapeake","Virginia","23320","757-5477151","","","","","","","","",\N
1024546542,4787,"Tidewater Mack",9719,0,"36.76889","-76.25979","301 Bulldog Dr","Chesapeake","Virginia","23320","757-5477151","","","","","","","","",\N
1024704261,357,"Truck Enterprises",9719,0,"38.40217","-78.91148","3440 S Main St","Harrisonburg","Virginia","22801","540-5646900","","","","","","","","",\N
1024546618,4787,"Baltimore Mack Trucks",9719,0,"39.22376","-76.65509","610 Nursery Rd","Linthicum Heights","Maryland","21090","410-6366200","","","","","","","","",\N
1024667285,4787,"Harvey Truck Center",9719,0,"38.44551","-75.56188","30299 Foskey Ln","Delmar","Maryland","21875","410-8963562","","","","","","","","",\N
1024546568,357,"Truck Enterprises Hagerstown",9719,0,"39.69064","-77.73704","18216 Maugans Ave","Hagerstown","Maryland","21740","301-7395577","","","","","","","","",\N
1024667305,4787,"Baltimore Mack Trucks-Hagerstown",9719,0,"39.66553","-77.74188","12821 Salem Ave","Hagerstown","Maryland","21740","301-7331707","","","","","","","","",\N
1024703975,357,"Potomac Truck Center VOLVO",9719,0,"38.93141","-76.93227","3371 Kenilworth Ave","Hyattsville","Maryland","20781","301-8642000","","","","","","","","",\N
1024667251,4787,"Potomac Truck Center",9719,0,"38.93141","-76.93227","3371 Kenilworth Ave","Hyattsville","Maryland","20781","301-8642000","","","","","","","","",\N
1024704173,357,"Bergey's Truck Centers VOLVO",9719,0,"39.97035","-75.04343","7460 N Crescent Blvd","Pennsauken","New Jersey","08110","856-6627601","","","","","","","","",\N
1024546617,4787,"Triple Cities Mack",9719,0,"41.43116","-75.65596","319 Green Ridge St","Scranton","Pennsylvania","18509","570-3420208","","","","","","","","",\N
1024546590,357,"Cumberland Truck Equipment",9719,0,"40.23054","-77.11422","25 Roadway Dr","Carlisle","Pennsylvania","17015","717-2492922","","","","","","","","",\N
1024704219,357,"Pennsylvania Truck Centers VOLVO",9719,0,"40.02805","-76.54752","310 Mifflin Dr","Wrightsville","Pennsylvania","17368","717-7922636","","","","","","","","",\N
1024546508,4787,"Lesher Mack Sales & Service",9719,0,"40.33956","-76.46122","2700 Cumberland St","Lebanon","Pennsylvania","17042","717-2734535","","","","","","","","",\N
1024666128,4787,"Bergey's Truck Centers",9719,0,"39.45186","-75.04253","2405 S Delsea Dr","Vineland","New Jersey","08360","856-6962222","","","","","","","","",\N
1024704195,357,"Bergey's Trucks VOLVO",9719,0,"39.45186","-75.04253","2405 S Delsea Dr","Vineland","New Jersey","08360","856-6962222","","","","","","","","",\N
1024704192,357,"Oshea Truck Center VOLVO",9719,0,"40.20324","-74.65903","5 Crossroads Dr","Trenton","New Jersey","08691","609-5863333","","","","","","","","",\N
1024666126,4787,"Oshea Truck Center",9719,0,"40.20324","-74.65903","5 Crossroads Dr","Trenton","New Jersey","08691","609-5863333","","","","","","","","",\N
1024546692,4787,"Bergey's Truck Centers Mack",9719,0,"40.10003","-75.30312","1003 W Ridge Pike","Conshohocken","Pennsylvania","19428","610-8253333","","","","","","","","",\N
1024546445,4787,"WW Engine & Supply-Harrisburg Div",9719,0,"40.32446","-76.89225","4230 Industrial Rd","Harrisburg","Pennsylvania","17110","717-2386225","","","","","","","","",\N
1024671626,4787,"Harvey Truck Center",9719,0,"39.69484","-75.5968","29 E Commons Blvd","New Castle","Delaware","19720","302-3248340","","","","","","","","",\N
1024702684,357,"Harvey Truck Center VOLVO",9719,0,"39.69484","-75.5968","29 E Commons Blvd","New Castle","Delaware","19720","302-3248340","","","","","","","","",\N
1024546672,357,"Cumberland Truck Equipment",9719,0,"40.16407","-76.15395","889 E Main St","Ephrata","Pennsylvania","17522","717-7382444","","","","","","","","",\N
1024546581,357,"Wilkes-Barre Truck Center",9719,0,"41.26606","-75.82381","525 E Main St","Wilkes-Barre","Pennsylvania","18702","570-8230144","","","","","","","","",\N
1024704211,357,"Bergey's Truck Centers VOLVO",9719,0,"40.30937","-75.35598","446 Harleysville Pike","Souderton","Pennsylvania","18964","215-7213400","","","","","","","","",\N
1024666063,4787,"Bergey's Truck Centers",9719,0,"40.30937","-75.35598","446 Harleysville Pike","Souderton","Pennsylvania","18964","215-7213400","","","","","","","","",\N
1024680080,4787,"WW Engine & Supply-Milesburg Div",9719,0,"40.95073","-77.78986","250 Tracy Dale Rd","Howard","Pennsylvania","16841","814-3550691","","","","","","","","",\N
1024546498,357,"Transedge Truck Centers",9719,0,"40.60613","-75.56362","1407 Bulldog Dr","Allentown","Pennsylvania","18104","610-3956801","","","","","","","","",\N
1024546497,4787,"Transedge Truck Center",9719,0,"40.60613","-75.56362","1407 Bulldog Dr","Allentown","Pennsylvania","18104","610-3956801","","","","","","","","",\N
1024666069,4787,"Susquehanna Motor Company",9719,0,"41.02525","-76.86684","370 Old Route 15","New Columbia","Pennsylvania","17856","570-5686941","","","","","","","","",\N
1024546548,4787,"Pennsylvania Truck Center-Lancaster",9719,0,"40.05734","-76.31074","126 Keller Ave","Lancaster","Pennsylvania","17601","717-3933633","","","","","","","","",\N
1024658458,4787,"Truck & Equipment",9719,0,"38.39858","-78.91355","3640 S Main St","Harrisonburg","Virginia","22801","540-4342557","","","","","","","","",\N
1024546413,4787,"Worldwide Equipment-Blue Ridge",9719,0,"36.68002","-82.0399","18285 Lee Hwy","Abingdon","Virginia","24210","276-6288103","","","","","","","","",\N
1024666068,4787,"Pennsylvania Truck Centers-York",9719,0,"40.02805","-76.54752","310 Mifflin Dr","Wrightsville","Pennsylvania","17368","717-7922636","","","","","","","","",\N
1024666122,4787,"Bergey's Truck Centers",9719,0,"39.97035","-75.04343","7460 N Crescent Blvd","Pennsauken","New Jersey","08110","856-6627601","","","","","","","","",\N
1024546476,4787,"Pennsylvania Truck Centers-Reading",9719,0,"40.3987","-75.93588","4226 Pottsville Pike","Reading","Pennsylvania","19605","610-9299433","","","","","","","","",\N
1024546693,357,"Bergey's Truck Centers",9719,0,"40.10003","-75.30312","1003 W Ridge Pike","Conshohocken","Pennsylvania","19428","610-8253333","","","","","","","","",\N
1024666076,4787,"Transedge Truck Center",9719,0,"40.64065","-76.15927","247 Route 61 S","Schuylkill Haven","Pennsylvania","17972","570-3852540","","","","","","","","",\N
1024706197,357,"Heavy Parts Center",9719,0,"18.40493","-66.20218","PR-2","Toa Baja","Puerto Rico","00949","787-7859190","","","","","","","","",\N
1024546588,4787,"Transource Mack",9719,0,"35.90528","-78.75504","8808 Midway West Rd","Raleigh","North Carolina","27617","919-7828785","","","","","","","","",\N
1024546589,357,"Transource",9719,0,"35.90528","-78.75504","8808 Midway West Rd","Raleigh","North Carolina","27617","919-7828785","","","","","","","","",\N
1024669564,357,"VOLVO Trucks of Mobile",9719,0,"30.53489","-88.24569","8620 I-10 Service Rd","Irvington","Alabama","36544","251-4783900","","","","","","","","",\N
1024546496,357,"Hughes Motors",9719,0,"32.91907","-80.03189","6841 Bulldog Dr","Charleston","South Carolina","29406","843-5536410","","","","","","","","",\N
1024546495,4787,"Hughes Motors Mack",9719,0,"32.91907","-80.03189","6841 Bulldog Dr","Charleston","South Carolina","29406","843-5536410","","","","","","","","",\N
1024546373,4787,"Transource",9719,0,"35.67777","-80.50469","1400 Jake Alexander Blvd W","Salisbury","North Carolina","28147","704-6373535","","","","","","","","",\N
1024546689,357,"Premier Truck Centers",9719,0,"33.61102","-86.80902","1801 Fulton Rd","Fultondale","Alabama","35068","205-8414450","","","","","","","","",\N
1024667900,4787,"Trans Power",9719,0,"31.64596","-84.19681","2702 Palmyra Rd","Leesburg","Georgia","31763","229-8836550","","","","","","","","",\N
1024702743,357,"Prince Truck Center",9719,0,"31.44721","-83.53919","1612 US Highway 82 W","Tifton","Georgia","31793","229-3864060","","","","","","","","",\N
1024672202,4787,"Premier Truck Centers Mack",9719,0,"34.64466","-86.83544","13880 Al Highway 20","Madison","Alabama","35756","256-3516225","","","","","","","","",\N
1024669686,357,"Premier Truck Centers",9719,0,"34.64339","-86.83885","13880 Al Highway 20","Madison","Alabama","35756","256-3516225","","","","","","","","",\N
1024546436,357,"Capital VOLVO Truck & Trailer",9719,0,"32.36454","-86.37975","185 West Blvd","Montgomery","Alabama","36108","334-2628856","","","","","","","","",\N
1024546388,4787,"Nextran Truck Center-Birmingham",9719,0,"33.5253","-86.79299","3101 Messer Airport Hwy","Birmingham","Alabama","35203","205-3222534","","","","","","","","",\N
1024546688,4787,"Gulf Coast Truck & Equipment Co",9719,0,"30.66102","-88.09605","2260 Halls Mill Rd","Mobile","Alabama","36606","251-4762744","","","","","","","","",\N
1024667933,4787,"Nextran Truck Center-Atlanta",9719,0,"33.74663","-84.36154","780 Memorial Dr SE","Atlanta","Georgia","30316","404-5775230","","","","","","","","",\N
1024546713,4787,"Gulf Coast Truck & Equipment Co",9719,0,"31.25072","-85.39941","736 Twitchell Rd","Dothan","Alabama","36303","334-7942695","","","","","","","","",\N
1024546569,357,"Vanguard Truck Ctr of Atlanta VOLVO",9719,0,"33.6473","-84.36803","700 Ruskin Dr","Forest Park","Georgia","30297","404-3638390","","","","","","","","",\N
1024546446,4787,"Gulf Coast Truck & Equipment Co",9719,0,"32.37778","-86.37753","3440 Birmingham Hwy","Montgomery","Alabama","36108","334-8349550","","","","","","","","",\N
1024672446,4787,"Gulf Coast Truck & Equipment Co",9719,0,"31.99229","-87.57019","12445 Highway 10 W","Pine Hill","Alabama","36769","334-9634361","","","","","","","","",\N
1024546368,357,"VOLVO and Gmctruck Ctr of Carolina",9719,0,"35.97617","-77.78429","2550 N Church St","Rocky Mount","North Carolina","27804","252-4467166","","","","","","","","",\N
1024546571,357,"VOLVO and Gmctruck Ctr of Carolina",9719,0,"35.27579","-80.81803","3880 Jeff Adams Dr","Charlotte","North Carolina","28206","704-5970551","","","","","","","","",\N
1024546431,4787,"Transource-Rocky Mount",9719,0,"35.91669","-77.83156","1341 S Wesleyan Blvd","Rocky Mount","North Carolina","27803","252-4421175","","","","","","","","",\N
1024546699,4787,"Shealy Mack Distributors",9719,0,"34.89489","-82.14931","331 Midpoint Blvd","Duncan","South Carolina","29334","864-9681177","","","","","","","","",\N
1024546600,357,"Central Carolina Trucks",9719,0,"36.11299","-80.07592","306 Pineview Dr","Kernersville","North Carolina","27284","336-2738694","","","","","","","","",\N
1024546402,357,"Central Carolina Trucks",9719,0,"34.81045","-78.98367","100 Sanford St","St Pauls","North Carolina","28384","910-8653002","","","","","","","","",\N
1024546552,4787,"Mack Truck Sales of Charlotte",9719,0,"35.27575","-80.82119","3609 Trailer Dr","Charlotte","North Carolina","28269","704-5971240","","","","","","","","",\N
1024670212,357,"Premier Truck Centers",9719,0,"34.70948","-87.74022","22031 Highway 72","Tuscumbia","Alabama","35674","256-3839546","","","","","","","","",\N
1024672584,4787,"Premier Truck Centers Mack",9719,0,"34.70948","-87.74022","22031 Highway 72","Tuscumbia","Alabama","35674","256-3839546","","","","","","","","",\N
1024546472,4787,"Trans Power",9719,0,"31.477","-82.85092","1826 Peterson Ave S","Douglas","Georgia","31535","912-3848813","","","","","","","","",\N
1024658609,4787,"Mack of Rock Hill",9719,0,"34.85284","-81.00458","2519 Mt Holly Rd","Rock Hill","South Carolina","29730","803-9808108","","","","","","","","",\N
1024546424,357,"R&R Truck Repair",9719,0,"33.46876","-81.96511","640 Twiggs St","Augusta","Georgia","30901","706-7220638","","","","","","","","",\N
1024546470,4787,"Bunch Truck and Equipment",9719,0,"32.12548","-81.17533","5502 Export Blvd","Savannah","Georgia","31408","912-9645522","","","","","","","","",\N
1024546664,4787,"Nextran Truck Center-Kennesaw",9719,0,"34.05066","-84.59301","1414 Shiloh Rd NW","Kennesaw","Georgia","30144","770-4275230","","","","","","","","",\N
1024546427,4787,"Nextran Truck Center-Macon",9719,0,"32.80937","-83.64029","2855 Broadway","Macon","Georgia","31206","478-7843100","","","","","","","","",\N
1024546452,357,"Roberts Truck Center",9719,0,"32.12667","-81.17178","501 Bourne Ave","Savannah","Georgia","31408","912-9645207","","","","","","","","",\N
1024546432,4787,"Transource",9719,0,"35.03844","-78.86823","710 Teachers Dr","Fayetteville","North Carolina","28301","910-4835975","","","","","","","","",\N
1024546369,357,"Florence Truck Center",9719,0,"34.19727","-79.73302","1943 E Palmetto St","Florence","South Carolina","29506","843-6620346","","","","","","","","",\N
1024546370,4787,"Florence Truck Center Mack",9719,0,"34.19727","-79.73302","1943 E Palmetto St","Florence","South Carolina","29506","843-6620346","","","","","","","","",\N
1024546421,357,"VOLVO and Gmctruck Ctr of Carolina",9719,0,"35.70353","-81.26697","3194 15th Avenue Blvd SE","Conover","North Carolina","28613","828-4660034","","","","","","","","",\N
1024546453,357,"Triple T Parts & Equipment Co",9719,0,"34.44221","-77.87315","104 Daisy Scott Rd","Rocky Point","North Carolina","28457","910-6750112","","","","","","","","",\N
1024546710,4787,"Transource",9719,0,"36.09541","-80.00488","8700 Triad Dr","Colfax","North Carolina","27235","336-9966060","","","","","","","","",\N
1024546355,357,"Shealy's Truck Center",9719,0,"33.96814","-81.01351","1340 Bluff Rd","Columbia","South Carolina","29201","803-7710176","","","","","","","","",\N
1024546354,4787,"Shealy Mack Distributors",9719,0,"33.96814","-81.01351","1340 Bluff Rd","Columbia","South Carolina","29201","803-7710176","","","","","","","","",\N
1024546647,4787,"Mack Sales of Tallahassee",9719,0,"30.43493","-84.35684","4740 Blountstown Hwy","Tallahassee","Florida","32304","850-5758655","","","","","","","","",\N
1024546510,4787,"Steele Truck Center",9719,0,"26.63864","-81.82988","2150 Rockfill Rd","Fort Myers","Florida","33916","239-3347300","","","","","","","","",\N
1024546591,4787,"Nextran Truck Center Miami",9719,0,"25.83623","-80.31799","6801 NW 74th Ave","Miami","Florida","33166","305-8838506","","","","","","","","",\N
1024546601,357,"Truckmax",9719,0,"25.82847","-80.32233","6000 NW 77th Ct","Miami","Florida","33166","305-5923800","","","","","","","","",\N
1024546520,4787,"Nextran Truck Center Pompano Beach",9719,0,"26.25783","-80.14308","1490 NW 22nd St","Pompano Beach","Florida","33069","954-9849494","","","","","","","","",\N
1024546521,357,"Nextran Truck Center-Pompano Beach",9719,0,"26.25783","-80.14308","1490 NW 22nd St","Pompano Beach","Florida","33069","954-9849494","","","","","","","","",\N
1024546478,357,"Nextran Truck Center-Orlando",9719,0,"28.43594","-81.40908","2200 W Landstreet Rd","Orlando","Florida","32809","407-8551200","","","","","","","","",\N
1024546477,4787,"Nextran Truck Center-Orlando Mack",9719,0,"28.43594","-81.40908","2200 W Landstreet Rd","Orlando","Florida","32809","407-8551200","","","","","","","","",\N
1024546567,357,"Nextran Truck Center-Auburndale",9719,0,"28.02959","-81.77734","4425 Avenue G NW","Winter Haven","Florida","33880","863-2928383","","","","","","","","",\N
1024546566,4787,"Nextran Truck Ctr-Auburndale Mack",9719,0,"28.02959","-81.77734","4425 Avenue G NW","Winter Haven","Florida","33880","863-2928383","","","","","","","","",\N
1024546616,4787,"Nextran Truck Center-Jacksonville",9719,0,"30.33375","-81.69285","1986 W Beaver St","Jacksonville","Florida","32209","904-3543721","","","","","","","","",\N
1024546625,4787,"Nextran Truck Center-Tampa Mack",9719,0,"27.95241","-82.36701","7810 E Adamo Dr","Tampa","Florida","33619","813-6267141","","","","","","","","",\N
1024546626,357,"Nextran Truck Center-Tampa",9719,0,"27.95241","-82.36701","7810 E Adamo Dr","Tampa","Florida","33619","813-6267141","","","","","","","","",\N
1024546419,357,"Nextran Truck Center Lake City",9719,0,"30.12265","-82.65633","328 SW Ring Ct","Lake City","Florida","32025","386-7548822","","","","","","","","",\N
1024546420,4787,"Nextran Truck Center Lake City Mack",9719,0,"30.12265","-82.65633","328 SW Ring Ct","Lake City","Florida","32025","386-7548822","","","","","","","","",\N
1024546614,4787,"Nextran Truck Center Riviera Beach",9719,0,"26.78178","-80.09575","7151 Industrial Dr S","West Palm Beach","Florida","33404","561-8426225","","","","","","","","",\N
1024546700,357,"Shealy Truck Centers",9719,0,"34.89489","-82.14931","331 Midpoint Blvd","Duncan","South Carolina","29334","864-9681177","","","","","","","","",\N
1024546454,4787,"Triple T Parts & Equipment Co Mack",9719,0,"34.44221","-77.87315","104 Daisy Scott Rd","Rocky Point","North Carolina","28457","910-6750112","","","","","","","","",\N
1024546514,357,"Tom Nehl Truck",9719,0,"30.31999","-81.72626","417 Edgewood Ave S","Jacksonville","Florida","32254","904-3893653","","","","","","","","",\N
1024546702,4787,"Transource",9719,0,"35.69364","-81.25268","2870 Nathan St","Newton","North Carolina","28658","828-4656617","","","","","","","","",\N
1024546570,357,"VOLVO & Gmctrucks of Palm Beach",9719,0,"26.67238","-80.11223","360 S Military Trl","West Palm Beach","Florida","33415","561-6868906","","","","","","","","",\N
1024546687,4787,"Gainesville Truck Center",9719,0,"34.27934","-83.78347","2145 Athens Hwy","Gainesville","Georgia","30507","770-5328463","","","","","","","","",\N
1024546717,357,"Action Truck Center",9719,0,"31.25027","-85.38052","211 Ross Clark Cir","Dothan","Alabama","36303","334-7948505","","","","","","","","",\N
1024680022,4787,"Redhead Equipment",9719,0,"52.20735","-106.71329","HWY-16","Corman Park No 344","Saskatchewan","S0K","306-9314600","","","","","","","","",\N
1024669454,357,"Saskatoon VOLVO Trucks",9719,0,"52.16227","-106.66975","2326 Northridge Dr","Saskatoon","Saskatchewan","S7K","306-2427988","","","","","","","","",\N
1024679878,4787,"Redhead Equipment",9719,0,"53.27809","-109.97041","4404 37 Ave","Lloydminster","Saskatchewan","S9V","306-8253434","","","","","","","","",\N
1024546466,357,"Regina VOLVO Trucks",9719,0,"50.4669","-104.58364","762 McDonald St","Regina","Saskatchewan","S4N","306-5250466","","","","","","","","",\N
1024546727,4787,"Pacific Coast Heavy Truck Group",9719,0,"49.17466","-122.94031","918 Cliveden Ave","Delta","British Columbia","V3M","604-5262231","","","","","","","","",\N
1024546404,357,"Nortrux",9719,0,"55.16515","-118.83887","11401 96 Ave","Grande Prairie","Alberta","T8V","780-5321290","","","","","","","","",\N
1024546396,4787,"Nortrux Mack",9719,0,"49.71477","-112.78105","1009 41 St N","Lethbridge","Alberta","T1H","403-3206089","","","","","","","","",\N
1024546397,357,"Nortrux",9719,0,"49.71477","-112.78105","1009 41 St N","Lethbridge","Alberta","T1H","403-3206089","","","","","","","","",\N
1024546439,4787,"Mack Sales & Service of Manitoba",9719,0,"49.90596","-97.20325","1540 Saskatchewan Ave","Winnipeg","Manitoba","R3H","204-7720316","","","","","","","","",\N
1024546440,4787,"Babine Truck & Equipment Mack",9719,0,"53.83752","-122.73565","9341 Rock Island Rd","Prince George","British Columbia","V2N","250-5627422","","","","","","","","",\N
1024666182,357,"Nortrux VOLVO",9719,0,"50.98067","-113.95424","5555 80 Ave SE","Calgary","Alberta","T2C","403-2793000","","","","","","","","",\N
1024546500,4787,"Nortrux",9719,0,"50.98067","-113.95424","5555 80 Ave SE","Calgary","Alberta","T2C","403-2793000","","","","","","","","",\N
1024546403,357,"Berk's Intertruck",9719,0,"49.19327","-123.97959","2230 McCullough Rd","Nanaimo","British Columbia","V9S","250-7585217","","","","","","","","",\N
1024679860,4787,"Redhead Equipment",9719,0,"50.28618","-107.86454","2604 S Service Rd","Swift Current No 137","Saskatchewan","S0N","306-7732951","","","","","","","","",\N
1024680052,4787,"Redhead Equipment",9719,0,"49.15823","-103.02883","HWY-39","Estevan No 5","Saskatchewan","S0C","306-6344788","","","","","","","","",\N
1024672644,4787,"Mack Sales & Service of Manitoba",9719,0,"49.88116","-99.93906","1874 1st St N","Brandon","Manitoba","R7C","204-7272549","","","","","","","","",\N
1024546408,4787,"Pacific Coast Heavy Truck GRP Mack",9719,0,"50.66235","-120.40661","2065 Trans Canada Hwy W","Kamloops","British Columbia","V1S","250-3743883","","","","","","","","",\N
1024672639,4787,"Babine Truck & Equipment Mack",9719,0,"54.77541","-127.15668","3364 HWY-16","Smithers","British Columbia","V0J","250-8473981","","","","","","","","",\N
1024666183,357,"Babine Truck & Equipment",9719,0,"54.77541","-127.15668","3364 HWY-16","Smithers","British Columbia","V0J","250-8473981","","","","","","","","",\N
1024546389,4787,"Redhead Equipment",9719,0,"50.4741","-104.57458","705 Henderson Dr","Regina","Saskatchewan","S4N","306-7212666","","","","","","","","",\N
1024666178,357,"Nortrux",9719,0,"52.29123","-113.86456","28042 HWY-11","Red Deer County","Alberta","T0M","403-3424187","","","","","","","","",\N
1024679825,4787,"Nortrux Mack",9719,0,"52.29123","-113.86456","28042 HWY-11","Red Deer County","Alberta","T0M","403-3424187","","","","","","","","",\N
1024546465,357,"Pacific Coast Heavy Truck Group",9719,0,"49.17699","-122.69707","18964 96 Ave","Surrey","British Columbia","V4N","604-8885577","","","","","","","","",\N
1024546706,4787,"Nortrux",9719,0,"53.56914","-113.63582","18110 118 Ave NW","Edmonton","Alberta","T5S","780-4526225","","","","","","","","",\N
1024672664,4787,"Mackay's Truck Center Mack",9719,0,"44.70768","-63.59995","30 Isnor Dr","Halifax","Nova Scotia","B3B","902-4819040","","","","","","","","",\N
1024666192,357,"Mackay's Truck Center",9719,0,"44.70768","-63.59995","30 Isnor Dr","Halifax","Nova Scotia","B3B","902-4819040","","","","","","","","",\N
1024666185,357,"Lounsbury Company",9719,0,"47.01252","-65.55705","855 King George Hwy","Miramichi","Nouveau-Brunswick","E1V","506-6222311","","","","","","","","",\N
1024546637,357,"Performance Equipment",9719,0,"43.6181","-79.56575","111 The West Mall","Toronto","Ontario","M9C","416-6263555","","","","","","","","",\N
1024679723,4787,"Camions Lourds de Montreal Mack",9719,0,"45.62295","-73.5763","10701 Boulevard Ray-Lawson","Montral","Qubec","H1J","514-3536225","","","","","","","","",\N
1024667937,357,"Camions Lourds de Montreal",9719,0,"45.62295","-73.5763","10701 Boulevard Ray-Lawson","Montral","Qubec","H1J","514-3536225","","","","","","","","",\N
1024546646,4787,"Mid-Ontario Truck Centre Mack",9719,0,"44.37783","-79.71608","400 Dunlop St W","Barrie","Ontario","L4N","705-7221122","","","","","","","","",\N
1024546645,357,"Mid-Ontario Truck Centre",9719,0,"44.37783","-79.71608","400 Dunlop St W","Barrie","Ontario","L4N","705-7221122","","","","","","","","",\N
1024546484,357,"Sheehan's Truck Centre",9719,0,"43.37174","-79.77382","4320 Harvester Rd","Burlington","Ontario","L7L","905-6320300","","","","","","","","",\N
1024668106,357,"Centre du Camion Ste-Marie",9719,0,"45.90394","-72.53265","300 Boulevard St-Joseph W","Drummondville","Qubec","J2E","819-4723317","","","","","","","","",\N
1024679739,4787,"Centre du Camion Ste-Marie Mack",9719,0,"45.90394","-72.53265","300 Boulevard St-Joseph W","Drummondville","Qubec","J2E","819-4723317","","","","","","","","",\N
1024668698,357,"Pare Centre du Camion VOLVO",9719,0,"46.82868","-71.27423","250 Rue tienne-Dubreuil","Qubec","Qubec","G1M","418-6885333","","","","","","","","",\N
1024679636,4787,"401 Trucksource Mack",9719,0,"42.24213","-82.94839","4293 CR-46","Tecumseh","Ontario","N0R","519-7376956","","","","","","","","",\N
1024679745,4787,"Camions Lourds de Montreal Mack",9719,0,"45.48748","-73.76689","1275 Boulevard Hymus","Dorval","Qubec","H9P","514-7355111","","","","","","","","",\N
1024667956,357,"Camions Lourds de Montreal",9719,0,"45.48748","-73.76689","1275 Boulevard Hymus","Dorval","Qubec","H9P","514-7355111","","","","","","","","",\N
1024546353,357,"Gerry's Truck Centre",9719,0,"42.92135","-81.25243","4049 Eastgate Cres","London","Ontario","N6L","519-6522100","","","","","","","","",\N
1024546584,4787,"Mid-Ontario Truck Centre Mack",9719,0,"43.84863","-79.43198","9076 Yonge St","Richmond Hill","Ontario","L4C","905-8899822","","","","","","","","",\N
1024546585,357,"Mid-Ontario Truck Centre",9719,0,"43.84863","-79.43198","9076 Yonge St","Richmond Hill","Ontario","L4C","905-8899822","","","","","","","","",\N
1024667896,357,"Surgenor Truck Group",9719,0,"45.41138","-75.62316","1571 Liverpool Ct","Ottawa","Ontario","K1B","613-7450024","","","","","","","","",\N
1024679716,4787,"Surgenor Truck Group Mack",9719,0,"45.41138","-75.62316","1571 Liverpool Ct","Ottawa","Ontario","K1B","613-7450024","","","","","","","","",\N
1024668800,357,"Centre du Camion Thibault",9719,0,"48.24564","-79.04419","375 Boulevard Rideau","Rouyn-Noranda","Qubec","J9X","819-7621751","","","","","","","","",\N
1024679731,4787,"Centre du Camion Thibault Mack",9719,0,"48.24564","-79.04419","375 Boulevard Rideau","Rouyn-Noranda","Qubec","J9X","819-7621751","","","","","","","","",\N
1024668329,357,"Pare Centre du Camion VOLVO",9719,0,"46.77851","-71.1523","250 Route du Prsident-Kennedy","Lvis","Qubec","G6V","418-8335333","","","","","","","","",\N
1024546406,357,"All North Truck Centre",9719,0,"46.43685","-81.10844","10 Duhamel Rd","Greater Sudbury","Ontario","P3Y","705-6924746","","","","","","","","",\N
1024546407,4787,"All North Truck Centre Mack",9719,0,"46.43685","-81.10844","10 Duhamel Rd","Greater Sudbury","Ontario","P3Y","705-6924746","","","","","","","","",\N
1024679724,4787,"Centre du Camion Ste-Marie Mack",9719,0,"45.64644","-72.96128","5400 Rue Martineau","St-Hyacinthe","Qubec","J2R","450-7964004","","","","","","","","",\N
1024666196,357,"Performance Equipment",9719,0,"43.6658","-79.6851","7000 Tomken Rd","Mississauga","Ontario","L5S","905-5648333","","","","","","","","",\N
1024679662,4787,"Performance Equipment Mack",9719,0,"43.6658","-79.6851","7000 Tomken Rd","Mississauga","Ontario","L5S","905-5648333","","","","","","","","",\N
1024669313,357,"Centre du Camion Ste-Marie",9719,0,"45.26753","-73.61025","540 Rang Notre-Dame","St-Rmi","Qubec","J0L","450-4544614","","","","","","","","",\N
1024666184,357,"Lounsbury Truck Centre",9719,0,"45.92491","-66.72216","14 Millenium Dr","Kingsclear","Nouveau-Brunswick","E3C","506-4591204","","","","","","","","",\N
1024679779,4787,"Lounsbury Truck Centre Mack",9719,0,"45.92491","-66.72216","14 Millenium Dr","Kingsclear","Nouveau-Brunswick","E3C","506-4591204","","","","","","","","",\N
1024667880,357,"All North Truck Centre",9719,0,"46.3569","-79.46819","3090 HWY-11","North Bay","Ontario","P0H","705-4950790","","","","","","","","",\N
1024666187,357,"Lounsbury Truck Centre",9719,0,"46.0849","-64.81187","725 St George Blvd","Moncton","Nouveau-Brunswick","E1E","506-8574345","","","","","","","","",\N
1024679773,4787,"Lounsbury Truck Centre Mack",9719,0,"46.0849","-64.81187","725 St George Blvd","Moncton","Nouveau-Brunswick","E1E","506-8574345","","","","","","","","",\N
1024546628,4787,"Mackay's Truck Center Mack",9719,0,"45.36082","-63.312","124 Lower Truro Rd","Colchester","Nova Scotia","B6L","902-8950511","","","","","","","","",\N
1024546627,357,"Mackay's Truck Center",9719,0,"45.36082","-63.312","124 Lower Truro Rd","Colchester","Nova Scotia","B6L","902-8950511","","","","","","","","",\N
1024546375,357,"Hickman Motors VOLVO",9719,0,"47.55715","-52.76005","85 Kenmount Rd","St John's","Newfoundland and Labrador","A1B","709-7262750","","","","","","","","",\N
1024546374,4787,"Hickman Motors",9719,0,"47.55715","-52.76005","85 Kenmount Rd","St John's","Newfoundland and Labrador","A1B","709-7262750","","","","","","","","",\N
1024546610,4787,"Mack Sales & Service of Stoney Crk",9719,0,"43.23719","-79.72149","330 S Service Rd","Hamilton","Ontario","L8E","905-5614565","","","","","","","","",\N
1024546414,4787,"London Mack",9719,0,"42.92657","-81.20319","1445 Sise Rd","London","Ontario","N6N","519-6491771","","","","","","","","",\N
1024667930,357,"All North Truck Centre",9719,0,"46.55722","-84.31998","995 Great Northern Rd","Sault Ste Marie","Ontario","P6B","705-7591167","","","","","","","","",\N
1024679466,4787,"Surgenor Truck Group Mack",9719,0,"44.27105","-76.52879","261 Binnington Ct","Kingston","Ontario","K7M","613-5481100","","","","","","","","",\N
1024546490,4787,"Durham Truck & Equipment Sales Mack",9719,0,"43.83332","-79.02734","610 Finley Ave","Ajax","Ontario","L1S","905-4266225","","","","","","","","",\N
1024546491,357,"Durham Truck & Equipment Sales",9719,0,"43.83332","-79.02734","610 Finley Ave","Ajax","Ontario","L1S","905-4266225","","","","","","","","",\N
1024666195,357,"401 Trucksource",9719,0,"42.24213","-82.94839","4293 CR-46","Tecumseh","Ontario","N0R","519-7376956","","","","","","","","",\N
1024666193,357,"Expressway Trucks Waterloo",9719,0,"43.32978","-80.45661","2943 Cedar Creek Rd","North Dumfries","Ontario","N1R","519-6329777","","","","","","","","",\N
1024546671,357,"Calmont Truck Centre",9719,0,"53.56394","-113.62137","11403 174 St NW","Edmonton","Alberta","T5S","780-4512680","","","","","","","","",\N
1024669182,357,"VOLVO Lac St-Jean",9719,0,"48.88653","-72.20199","130 Rue Rainville","Dolbeau-Mistassini","Qubec","G8L","418-2511234","","","","","","","","",\N
1024546538,4787,"Cambridge Mack",9719,0,"43.40694","-80.30714","1220 Franklin Blvd","Cambridge","Ontario","N1R","519-6537161","","","","","","","","",\N
1024679761,4787,"Mack Ste-Foy",9719,0,"46.78931","-71.30033","2550 Avenue Watt","Qubec","Qubec","G1P","418-6519847","","","","","","","","",\N
1024546395,4787,"Mack Sales & Service of Nanaimo",9719,0,"49.19247","-123.97965","2213 McCullough Rd","Nanaimo","British Columbia","V9S","250-7580185","","","","","","","","",\N
1024546455,357,"Beaver Truck Centre",9719,0,"49.92965","-97.20871","33 Oak Point Hwy","Winnipeg","Manitoba","R2R","204-6329100","","","","","","","","",\N
1024668880,357,"Centre du Camion Ste-Marie",9719,0,"45.64644","-72.96128","5400 Rue Martineau","St-Hyacinthe","Qubec","J2R","450-7964004","","","","","","","","",\N
1024546405,4787,"Nortrux Mack",9719,0,"55.16515","-118.83887","11401 96 Ave","Grande Prairie","Alberta","T8V","780-5321290","","","","","","","","",\N
1024546441,357,"Babine Truck & Equipment",9719,0,"53.83752","-122.73565","9341 Rock Island Rd","Prince George","British Columbia","V2N","250-5627422","","","","","","","","",\N
1024546409,357,"Pacific Coast Heavy Truck Group",9719,0,"50.66235","-120.40661","2065 Trans Canada Hwy W","Kamloops","British Columbia","V1S","250-3743883","","","","","","","","",\N
1024666194,357,"Surgenor Truck Group",9719,0,"44.27105","-76.52879","261 Binnington Ct","Kingston","Ontario","K7M","613-5481100","","","","","","","","",\N
1024679754,4787,"Camions Saguenay",9719,0,"48.3825","-71.07968","157 Rue des Routiers","Saguenay","Qubec","G7H","418-6982282","","","","","","","","",\N
